fangjian_value,sum,mean,median,var,min,max
70,92.70000000000003,11.587500000000004,5.54,131.78285000000002,5.54,34.46
71,119.35,14.91875,10.294999999999998,154.58764107142858,4.14,32.28
72,214.65999999999997,26.832499999999996,27.615000000000002,5.645849999999998,23.32,29.58
73,159.86,19.9825,19.939999999999998,59.96776428571428,6.33,34.28
74,85.03000000000002,10.628750000000002,4.09,146.62149821428565,4.09,30.58
75,31.81,3.97625,2.92,4.722112500000001,1.07,6.78
76,12.36,1.545,1.625,0.03825714285714286,1.23,1.72
77,13.089999999999998,1.6362499999999998,1.6400000000000001,0.02279821428571429,1.4,1.79
78,0.0,0.0,0.0,0.0,0.0,0.0
79,16.92,2.115,2.1950000000000003,0.037657142857142854,1.8,2.27
80,0.0,0.0,0.0,0.0,0.0,0.0
81,28.81,3.60125,0.0,103.75201249999998,0.0,28.81
82,0.0,0.0,0.0,0.0,0.0,0.0
83,0.0,0.0,0.0,0.0,0.0,0.0
84,0.0,0.0,0.0,0.0,0.0,0.0
85,0.0,0.0,0.0,0.0,0.0,0.0
86,0.0,0.0,0.0,0.0,0.0,0.0
87,20.31,2.53875,2.5700000000000003,0.27718392857142854,1.61,3.24
88,0.060000000000000005,0.007500000000000001,0.0,0.0003071428571428571,0.0,0.05
89,24.380000000000003,3.0475000000000003,2.98,0.43716428571428534,2.33,4.35
90,12.49,1.56125,1.5,0.05295535714285714,1.31,1.96
91,13.99,1.74875,1.755,0.11349821428571424,1.16,2.17
92,25.349999999999998,3.1687499999999997,3.36,0.2419267857142857,2.37,3.67
93,25.68,3.21,3.18,0.0695428571428571,2.85,3.63
94,16.61,2.07625,1.98,0.13031250000000003,1.57,2.66
95,25.62,3.2025,3.185,0.4665642857142855,2.17,4.01
96,17.74,2.2175,2.3899999999999997,0.1269928571428571,1.54,2.5
97,24.71,3.08875,2.955,0.8966696428571426,1.78,4.43
98,3.84,0.48,0.51,0.028885714285714282,0.27,0.77
99,17.79,2.22375,2.115,0.14408392857142863,1.73,2.74
100,0.0,0.0,0.0,0.0,0.0,0.0
101,0.0,0.0,0.0,0.0,0.0,0.0
102,0.0,0.0,0.0,0.0,0.0,0.0
103,0.6,0.075,0.07500000000000001,2.8571428571428547e-05,0.07,0.08
104,0.13,0.01625,0.0,0.0021125000000000007,0.0,0.13
105,18.83,2.35375,2.4,0.15934107142857148,1.65,2.91
106,15.89,1.98625,2.01,0.08762678571428563,1.57,2.31
107,0.0,0.0,0.0,0.0,0.0,0.0
108,0.0,0.0,0.0,0.0,0.0,0.0
109,11.66,1.4575,1.4849999999999999,0.1003357142857143,1.06,1.97
110,18.19,2.27375,2.29,0.039855357142857144,1.97,2.51
111,12.299999999999999,1.5374999999999999,1.62,0.06447857142857141,0.93,1.72
112,8.55,1.06875,0.98,0.07601250000000002,0.71,1.51
113,19.09,2.38625,2.225,0.6879982142857146,1.68,4.23
114,0.0,0.0,0.0,0.0,0.0,0.0
115,17.04,2.13,1.9449999999999998,0.14051428571428573,1.73,2.74
116,0.0,0.0,0.0,0.0,0.0,0.0
117,17.72,2.215,2.04,0.3172857142857142,1.52,3.28
118,37.18,4.6475,4.404999999999999,0.47093571428571446,4.03,6.13
119,10.82,1.3525,1.375,0.10873571428571426,0.89,1.77
120,10.86,1.3575,1.4,0.10510714285714286,0.9,1.88
121,37.49,4.68625,4.66,3.047855357142857,1.29,6.98
122,15.67,1.95875,1.96,0.04344107142857144,1.71,2.34
123,0.5,0.0625,0.0,0.029849999999999995,0.0,0.49
124,6.540000000000001,0.8175000000000001,0.8600000000000001,0.2926214285714286,0.08,1.52
125,10.530000000000001,1.3162500000000001,1.415,0.24631249999999996,0.67,2.05
126,31.86,3.9825,4.03,6.084164285714286,1.27,7.13
127,34.02,4.2525,4.3,1.3388785714285716,2.52,5.6
128,5.369999999999999,0.6712499999999999,0.6799999999999999,0.008326785714285714,0.47,0.79
129,15.330000000000002,1.9162500000000002,2.035,1.382969642857143,0.12,3.66
130,8.26,1.0325,0.94,0.10562142857142856,0.67,1.53
131,30.24,3.78,3.705,0.40840000000000015,3.02,4.95
132,11.37,1.42125,1.56,0.2579553571428571,0.66,2.0
133,13.04,1.63,1.725,0.29051428571428567,0.39,2.13
134,4.540000000000001,0.5675000000000001,0.5650000000000001,0.07330714285714286,0.13,0.99
135,29.46,3.6825,3.74,0.09727857142857152,3.05,4.0
136,19.78,2.4725,2.45,0.25233571428571444,1.67,3.23
137,4.59,0.57375,0.575,0.02325535714285714,0.34,0.78
138,14.469999999999999,1.8087499999999999,1.7,0.1004125,1.33,2.39
139,22.36,2.795,2.77,0.2876,1.9,3.67
140,25.93,3.24125,3.185,0.6657839285714283,2.26,4.31
141,8.59,1.07375,1.025,0.1343410714285714,0.63,1.79
142,14.57,1.82125,1.85,0.40972678571428556,1.13,3.13
144,10.799999999999999,1.3499999999999999,1.58,0.20808571428571426,0.63,1.69
146,22.779999999999994,2.8474999999999993,2.815,0.2662785714285715,2.09,3.58
148,16.84,2.105,2.02,0.1606285714285714,1.68,2.86
149,17.520000000000003,2.1900000000000004,2.1100000000000003,0.13985714285714276,1.76,2.84
150,12.98,1.6225,1.53,0.08145000000000005,1.33,2.14
151,35.89,4.48625,4.42,1.0471982142857146,3.09,6.61
152,14.7,1.8375,1.815,0.027678571428571424,1.68,2.18
153,18.090000000000003,2.2612500000000004,2.2800000000000002,0.0710982142857143,1.87,2.64
154,20.330000000000002,2.5412500000000002,2.51,0.2246410714285714,2.04,3.46
155,7.92,0.99,0.9750000000000001,0.049742857142857165,0.69,1.35
156,14.48,1.81,1.675,0.17237142857142856,1.35,2.41
158,7.510000000000001,0.9387500000000001,0.925,0.07966964285714286,0.53,1.49
159,15.18,1.8975,1.905,0.31325000000000003,0.92,2.58
160,17.49,2.18625,2.02,0.3977696428571428,1.49,3.36
161,19.400000000000002,2.4250000000000003,2.455,0.2789142857142858,1.43,3.27
162,6.800000000000001,0.8500000000000001,0.76,0.03897142857142858,0.63,1.19
163,24.110000000000003,3.0137500000000004,3.105,0.14068392857142858,2.32,3.39
164,9.82,1.2275,1.295,0.10844999999999998,0.72,1.72
165,8.23,1.02875,1.04,0.023126785714285725,0.77,1.29
166,8.23,1.02875,1.0750000000000002,0.020583928571428566,0.76,1.19
167,7.86,0.9825,0.985,0.02542142857142856,0.73,1.22
168,3.91,0.48875,0.495,0.021955357142857148,0.28,0.68
169,5.380000000000001,0.6725000000000001,0.675,0.0037071428571428568,0.6,0.75
170,18.099999999999998,2.2624999999999997,2.25,0.06447857142857143,1.84,2.69
172,10.59,1.32375,1.365,0.0955125,0.77,1.74
173,19.41,2.42625,2.605,0.2770839285714285,1.45,3.09
174,15.350000000000001,1.9187500000000002,1.94,0.16046964285714285,1.42,2.55
175,20.37,2.54625,2.525,0.32196964285714286,1.78,3.27
176,15.16,1.895,1.875,0.23351428571428579,1.19,2.68
177,21.04,2.63,2.6500000000000004,0.19831428571428572,2.14,3.22
178,7.359999999999999,0.9199999999999999,0.8999999999999999,0.026628571428571418,0.74,1.17
179,14.4,1.8,1.8399999999999999,0.16354285714285707,1.12,2.25
180,10.55,1.31875,1.31,0.07064107142857139,1.02,1.68
181,12.09,1.51125,1.52,0.056383928571428585,1.18,1.78
183,15.08,1.885,1.82,0.06774285714285712,1.52,2.29
184,6.98,0.8725,0.81,0.027421428571428562,0.72,1.21
185,15.7,1.9625,2.06,0.12496428571428575,1.22,2.28
186,34.14,4.2675,4.285,1.9798785714285718,2.15,6.4
187,18.58,2.3225,2.38,0.13607857142857144,1.73,2.72
188,10.879999999999999,1.3599999999999999,1.35,0.01257142857142857,1.24,1.55
189,20.009999999999998,2.5012499999999998,2.3600000000000003,0.3758410714285714,1.79,3.25
190,29.25,3.65625,3.55,0.4139124999999999,2.86,4.8
191,15.480000000000002,1.9350000000000003,2.005,0.14391428571428566,1.35,2.51
192,11.82,1.4775,1.505,0.0697357142857143,1.05,1.87
193,25.54,3.1925,3.215,0.34136428571428573,2.34,4.01
194,12.429999999999998,1.5537499999999997,1.4849999999999999,0.045541071428571424,1.36,1.94
195,18.340000000000003,2.2925000000000004,2.135,0.7769071428571428,1.15,3.83
197,24.600000000000005,3.0750000000000006,3.075,0.21502857142857132,2.43,3.69
198,20.3,2.5375,2.485,0.0759928571428572,2.16,3.04
199,10.16,1.27,1.29,0.03959999999999998,0.99,1.64
200,19.27,2.40875,2.3049999999999997,0.4080696428571428,1.9,3.84
201,11.93,1.49125,1.3900000000000001,0.14478392857142852,0.99,2.05
202,13.96,1.745,1.635,0.34145714285714285,1.09,2.85
203,24.460000000000004,3.0575000000000006,2.9699999999999998,0.37662142857142866,2.46,4.32
204,36.94,4.6175,3.885,4.38525,2.57,7.96
205,22.87,2.85875,2.9050000000000002,0.1485553571428572,2.32,3.6
206,4.699999999999999,0.5874999999999999,0.575,0.027021428571428568,0.42,0.93
207,29.53,3.69125,3.605,0.6355839285714288,2.67,5.05
208,8.77,1.09625,1.095,0.12399821428571424,0.39,1.48
209,14.78,1.8475,1.875,0.12699285714285719,1.22,2.24
210,7.28,0.91,0.87,0.03500000000000001,0.6,1.23
211,13.919999999999998,1.7399999999999998,1.715,0.25020000000000003,1.18,2.7
212,18.64,2.33,2.25,0.2243714285714285,1.8,3.1
213,20.689999999999998,2.5862499999999997,2.51,0.16745535714285714,2.16,3.42
214,4.94,0.6175,0.49,0.08327857142857145,0.41,1.11
215,24.97,3.12125,1.4700000000000002,11.314126785714285,1.02,9.81
216,1.1400000000000001,0.14250000000000002,0.0,0.14105,0.0,1.07
217,17.88,2.235,1.96,0.38737142857142864,1.66,3.44
218,22.380000000000003,2.7975000000000003,2.755,0.6876500000000002,1.56,3.73
219,2.33,0.29125,0.265,0.0456125,0.0,0.66
221,8.83,1.10375,1.095,0.11819821428571427,0.43,1.56
222,9.5,1.1875,1.37,0.14582142857142855,0.53,1.54
224,0.48,0.06,0.06,0.0,0.06,0.06
226,21.310000000000002,2.6637500000000003,2.51,0.47285535714285715,1.86,3.65
227,0.0,0.0,0.0,0.0,0.0,0.0
240,20.47,2.55875,2.45,0.11066964285714294,2.09,2.97
241,15.820000000000002,1.9775000000000003,2.175,0.3357071428571428,0.97,2.72
242,15.57,1.94625,1.99,0.06362678571428573,1.56,2.24
243,18.29,2.28625,2.3899999999999997,0.15068392857142854,1.7,2.93
244,12.09,1.51125,1.3849999999999998,0.17372678571428574,0.92,2.22
245,5.2700000000000005,0.6587500000000001,0.635,0.036955357142857144,0.42,0.98
246,10.120000000000001,1.2650000000000001,1.3,0.01914285714285713,1.03,1.48
247,58.239999999999995,7.279999999999999,6.1899999999999995,25.887628571428575,1.3,13.55
248,23.97,2.99625,2.9299999999999997,1.0933125,1.7,4.66
250,12.969999999999999,1.6212499999999999,1.6400000000000001,0.10741250000000005,1.07,2.08
251,19.23,2.40375,2.54,0.22659821428571428,1.53,2.91
252,8.01,1.00125,0.9299999999999999,0.4650125,0.0,1.88
253,12.3,1.5375,1.4849999999999999,0.12736428571428568,1.06,2.15
254,8.51,1.06375,1.06,0.21328392857142847,0.43,1.65
255,0.0,0.0,0.0,0.0,0.0,0.0
256,16.52,2.065,2.05,0.12017142857142853,1.57,2.5
257,25.57,3.19625,3.15,2.2957982142857145,1.44,5.91
258,7.61,0.95125,0.96,0.037612500000000035,0.6,1.29
259,4.970000000000001,0.6212500000000001,0.55,0.03295535714285714,0.47,0.97
260,3.5000000000000004,0.43750000000000006,0.41000000000000003,0.020678571428571428,0.27,0.73
262,14.4,1.8,1.8050000000000002,0.029885714285714293,1.63,2.17
264,8.03,1.00375,1.02,0.016969642857142857,0.76,1.17
266,28.27,3.53375,3.58,0.0357125,3.22,3.75
267,21.28,2.66,2.7800000000000002,0.1680285714285715,1.82,3.01
268,12.86,1.6075,1.495,0.15873571428571426,0.99,2.2
269,24.0,3.0,3.06,0.17860000000000012,2.2,3.64
270,26.91,3.36375,3.535,0.3053696428571429,2.51,4.06
271,17.57,2.19625,2.15,0.1978839285714286,1.41,2.85
272,32.78,4.0975,3.975,0.14022142857142864,3.75,4.78
273,9.61,1.20125,1.2850000000000001,0.08161250000000002,0.78,1.51
274,17.77,2.22125,2.185,0.3373267857142857,1.39,3.23
275,15.219999999999999,1.9024999999999999,1.94,0.10716428571428573,1.41,2.33
276,11.559999999999999,1.4449999999999998,1.495,0.04034285714285712,1.16,1.7
277,5.5,0.6875,0.625,0.04893571428571427,0.38,0.98
278,16.130000000000003,2.0162500000000003,1.9849999999999999,0.17925535714285715,1.26,2.73
279,23.029999999999998,2.8787499999999997,2.81,0.08898392857142852,2.54,3.49
280,48.260000000000005,6.032500000000001,3.335,27.077992857142856,2.5,16.16
281,19.909999999999997,2.4887499999999996,2.565,0.19369821428571438,1.76,2.96
282,47.37,5.92125,3.6849999999999996,20.54606964285714,2.53,14.25
283,14.5,1.8125,1.7850000000000001,0.049278571428571435,1.48,2.19
284,16.630000000000003,2.0787500000000003,1.67,0.973469642857143,0.91,3.62
285,17.39,2.17375,2.2249999999999996,0.11034107142857151,1.64,2.58
286,7.34,0.9175,0.84,0.0861642857142857,0.73,1.63
287,20.090000000000003,2.5112500000000004,2.5,0.2826125,1.91,3.51
288,18.74,2.3425,2.085,0.329792857142857,1.85,3.52
289,16.970000000000002,2.1212500000000003,2.1399999999999997,0.017212500000000006,1.88,2.29
290,17.09,2.13625,2.1100000000000003,0.08334107142857143,1.66,2.53
291,33.86,4.2325,4.220000000000001,0.2017071428571429,3.49,5.09
292,0.0,0.0,0.0,0.0,0.0,0.0
293,17.84,2.23,2.255,0.07594285714285716,1.93,2.62
294,0.0,0.0,0.0,0.0,0.0,0.0
295,0.66,0.0825,0.08,4.9999999999999935e-05,0.07,0.09
296,0.03,0.00375,0.0,0.00011249999999999998,0.0,0.03
297,2.5100000000000002,0.31375000000000003,0.255,0.04065535714285714,0.06,0.73
298,11.18,1.3975,1.47,0.07782142857142857,0.97,1.81
299,11.700000000000001,1.4625000000000001,1.4,0.1225928571428571,0.88,1.9
300,20.650000000000002,2.5812500000000003,2.585,0.16378392857142846,1.73,3.07
301,25.19,3.14875,3.13,0.14301250000000007,2.55,3.71
303,19.689999999999998,2.4612499999999997,2.42,0.11755535714285711,2.07,3.11
304,13.99,1.74875,1.7850000000000001,0.0416982142857143,1.42,2.02
305,6.16,0.77,0.77,0.01157142857142857,0.64,0.89
306,16.57,2.07125,2.025,0.07821250000000002,1.62,2.49
307,11.169999999999998,1.3962499999999998,1.4500000000000002,0.11319821428571429,0.71,1.79
308,24.64,3.08,3.0300000000000002,0.05014285714285711,2.83,3.4
309,16.08,2.01,1.92,0.08539999999999996,1.66,2.38
310,18.05,2.25625,2.15,0.18648392857142868,1.87,3.1
311,12.82,1.6025,1.72,0.24756428571428565,0.89,2.27
312,6.129999999999999,0.7662499999999999,0.75,0.03622678571428571,0.52,1.08
313,18.249999999999996,2.2812499999999996,2.07,0.6509267857142857,0.99,3.46
314,12.19,1.52375,1.49,0.033512499999999994,1.25,1.86
315,20.93,2.61625,2.52,0.12308392857142858,2.26,3.26
316,11.35,1.41875,1.395,0.1092982142857143,0.95,2.0
317,11.11,1.38875,1.3599999999999999,0.10809821428571428,1.06,2.05
318,23.87,2.98375,2.935,0.23539821428571445,2.32,3.95
319,18.39,2.29875,1.415,7.542669642857144,0.96,9.07
320,12.66,1.5825,1.6,0.07676428571428569,1.19,2.05
321,0.0,0.0,0.0,0.0,0.0,0.0
322,16.35,2.04375,1.975,0.1929410714285715,1.51,2.64
323,5.52,0.69,0.8,0.18771428571428572,0.0,1.3
324,3.43,0.42875,0.405,0.006841071428571428,0.34,0.59
325,8.75,1.09375,1.105,0.3098839285714285,0.24,2.19
326,12.57,1.57125,1.52,0.1452696428571428,1.09,2.26
327,10.41,1.30125,1.4049999999999998,0.14224107142857143,0.69,1.83
328,0.0,0.0,0.0,0.0,0.0,0.0
329,12.54,1.5675,1.365,0.3396214285714287,0.97,2.56
330,4.220000000000001,0.5275000000000001,0.425,0.08959285714285717,0.29,1.12
331,20.369999999999997,2.5462499999999997,2.485,0.8014839285714286,1.54,4.24
332,13.26,1.6575,1.83,0.5347928571428571,0.09,2.53
333,13.28,1.66,1.59,0.10694285714285716,1.28,2.35
334,16.34,2.0425,2.065,0.19516428571428576,1.46,2.68
335,0.0,0.0,0.0,0.0,0.0,0.0
336,11.239999999999998,1.4049999999999998,1.475,0.11011428571428573,0.81,1.87
337,14.34,1.7925,1.625,0.11904999999999998,1.43,2.24
338,1.28,0.16,0.05,0.08734285714285714,0.0,0.87
339,18.549999999999997,2.3187499999999996,2.29,0.06018392857142857,2.07,2.68
340,8.370000000000001,1.0462500000000001,1.0,0.09491250000000004,0.62,1.47
342,9.33,1.16625,1.115,0.08148392857142857,0.78,1.65
344,22.479999999999997,2.8099999999999996,2.64,0.36014285714285726,2.2,4.2
346,13.92,1.74,1.72,0.051428571428571435,1.36,2.06
347,13.549999999999999,1.6937499999999999,1.815,0.13342678571428573,1.07,2.08
348,14.03,1.75375,1.82,0.09536964285714288,1.21,2.1
349,0.6000000000000001,0.07500000000000001,0.065,0.0005142857142857143,0.06,0.12
350,15.72,1.965,1.9,0.19394285714285717,1.39,2.73
351,11.27,1.40875,1.4300000000000002,0.2670982142857144,0.81,2.37
352,10.420000000000002,1.3025000000000002,1.255,0.11639285714285716,0.81,1.83
353,15.6,1.95,2.0,0.10385714285714294,1.45,2.36
354,10.719999999999999,1.3399999999999999,1.4449999999999998,0.05359999999999999,0.95,1.57
356,15.569999999999999,1.9462499999999998,1.945,0.09865535714285707,1.47,2.46
357,17.91,2.23875,2.24,0.08264107142857142,1.69,2.73
358,27.139999999999997,3.3924999999999996,3.29,0.529678571428571,2.52,4.47
359,22.1,2.7625,2.5300000000000002,0.6875071428571431,1.9,3.83
360,6.460000000000001,0.8075000000000001,0.77,0.02079285714285715,0.62,1.1
361,1.8300000000000003,0.22875000000000004,0.07500000000000001,0.09484107142857144,0.07,0.9
362,7.0600000000000005,0.8825000000000001,0.875,0.009678571428571434,0.74,1.0
363,6.6899999999999995,0.8362499999999999,0.81,0.06936964285714288,0.56,1.33
364,8.72,1.09,1.13,0.03382857142857142,0.77,1.34
365,26.250000000000004,3.2812500000000004,3.275,0.5094124999999999,2.3,4.44
366,27.599999999999998,3.4499999999999997,3.42,0.6895714285714286,2.23,4.46
367,10.17,1.27125,1.185,0.07252678571428572,0.98,1.85
369,15.62,1.9525,1.8900000000000001,0.13576428571428564,1.53,2.57
371,0.0,0.0,0.0,0.0,0.0,0.0
399,11.080000000000002,1.3850000000000002,1.395,0.06062857142857143,0.97,1.73
400,17.67,2.20875,2.185,0.4404124999999999,1.28,3.48
401,27.459999999999997,3.4324999999999997,3.365,0.33970714285714276,2.73,4.14
402,33.910000000000004,4.2387500000000005,4.225,0.707698214285714,2.66,5.29
403,33.33,4.16625,4.025,0.9985125000000004,2.77,5.66
404,22.87,2.85875,2.995,0.245355357142857,1.82,3.34
405,22.85,2.85625,3.08,1.1094267857142859,1.32,4.53
406,15.879999999999999,1.9849999999999999,2.065,0.2854571428571429,1.26,2.87
407,10.709999999999999,1.3387499999999999,1.37,0.05364107142857143,0.87,1.61
408,13.870000000000001,1.7337500000000001,1.87,0.19531249999999997,0.87,2.1
409,21.72,2.715,2.765,0.12465714285714273,2.1,3.17
410,25.58,3.1975,3.24,0.1659642857142858,2.52,3.77
411,6.87,0.85875,0.8500000000000001,0.042098214285714274,0.61,1.2
412,12.229999999999999,1.5287499999999998,1.545,0.07469821428571426,1.05,1.94
413,15.57,1.94625,1.995,0.035541071428571436,1.64,2.16
414,16.09,2.01125,1.9449999999999998,0.09589821428571431,1.66,2.58
415,19.28,2.41,2.41,0.060742857142857196,2.09,2.81
416,6.140000000000001,0.7675000000000001,0.78,0.035107142857142844,0.54,1.13
417,11.11,1.38875,1.415,0.16455535714285713,0.75,2.05
418,12.36,1.545,1.53,0.15002857142857146,1.07,2.18
419,39.46,4.9325,4.53,0.7647928571428568,4.04,6.54
421,12.95,1.61875,1.76,0.23058392857142856,0.98,2.23
423,27.580000000000002,3.4475000000000002,3.295,0.25959285714285735,2.83,4.22
491,25.330000000000002,3.1662500000000002,2.88,0.2557982142857142,2.76,3.98
492,21.5,2.6875,2.855,0.22576428571428567,1.78,3.26
493,13.26,1.6575,1.66,0.009792857142857145,1.46,1.79
494,24.91,3.11375,2.955,0.12842678571428565,2.72,3.81
495,5.840000000000001,0.7300000000000001,0.73,0.05022857142857145,0.43,1.11
496,31.119999999999997,3.8899999999999997,3.75,0.20068571428571433,3.29,4.57
497,17.03,2.12875,1.955,0.8412696428571429,1.02,3.46
498,17.4,2.175,2.31,0.31325714285714285,1.14,2.8
499,7.67,0.95875,0.9299999999999999,0.1275267857142857,0.5,1.55
500,35.629999999999995,4.453749999999999,4.37,0.41171249999999987,3.6,5.57
501,15.15,1.89375,1.89,0.08616964285714283,1.37,2.31
502,16.009999999999998,2.0012499999999998,2.0,0.05301249999999996,1.65,2.44
503,0.0,0.0,0.0,0.0,0.0,0.0
504,14.939999999999998,1.8674999999999997,1.815,0.04359285714285716,1.63,2.16
505,10.64,1.33,1.335,0.1550285714285715,0.61,1.97
506,0.0,0.0,0.0,0.0,0.0,0.0
507,0.0,0.0,0.0,0.0,0.0,0.0
508,16.03,2.00375,2.075,0.4089410714285714,1.0,2.94
509,0.0,0.0,0.0,0.0,0.0,0.0
510,0.03,0.00375,0.0,2.6785714285714288e-05,0.0,0.01
511,78.98,9.8725,8.555,35.87416428571429,0.85,18.23
513,14.899999999999999,1.8624999999999998,1.855,0.3637071428571428,1.06,2.76
515,5.180000000000001,0.6475000000000001,0.635,0.01985,0.46,0.85
520,12.719999999999999,1.5899999999999999,1.63,0.5033428571428572,0.7,2.63
521,11.14,1.3925,1.145,0.5418214285714287,0.76,2.89
522,8.61,1.07625,1.02,0.11908392857142862,0.69,1.78
523,9.940000000000001,1.2425000000000002,1.225,0.0401928571428571,0.97,1.51
524,12.68,1.585,1.7000000000000002,0.2766571428571428,0.72,2.14
525,27.03,3.37875,3.465,0.06212678571428568,3.04,3.71
526,18.73,2.34125,2.255,0.22655535714285727,1.82,2.91
527,40.62,5.0775,5.225,7.375192857142856,1.41,8.41
528,44.55,5.56875,5.62,1.548812499999999,3.89,7.13
529,24.02,3.0025,2.9699999999999998,0.33536428571428545,2.2,3.96
530,22.88,2.86,1.995,6.394371428571428,1.52,9.07
531,14.190000000000001,1.7737500000000002,1.775,0.14902678571428574,1.1,2.49
532,22.99,2.87375,2.995,0.5236839285714285,1.4,3.7
533,28.53,3.56625,3.6550000000000002,0.23682678571428575,2.75,4.25
534,32.05,4.00625,4.005,0.28274107142857147,3.15,4.8
535,54.480000000000004,6.8100000000000005,6.84,1.1607428571428564,5.32,8.43
536,11.24,1.405,1.33,0.10454285714285716,1.13,2.15
537,19.2,2.4,2.3449999999999998,0.10488571428571428,1.97,3.11
538,28.439999999999998,3.5549999999999997,3.67,0.17714285714285724,2.63,3.92
539,15.65,1.95625,2.0949999999999998,0.24496964285714284,1.26,2.48
540,29.88,3.735,3.675,0.08257142857142859,3.35,4.23
541,24.340000000000003,3.0425000000000004,2.935,0.14962142857142852,2.59,3.59
542,18.029999999999998,2.2537499999999997,2.2649999999999997,0.3874267857142857,1.06,3.08
543,17.5,2.1875,2.2249999999999996,0.19936428571428583,1.47,2.7
544,11.68,1.46,1.495,0.15788571428571427,0.95,2.25
545,0.0,0.0,0.0,0.0,0.0,0.0
549,21.110000000000003,2.6387500000000004,2.685,0.14912678571428573,2.06,3.13
550,24.259999999999998,3.0324999999999998,2.98,0.1145357142857143,2.65,3.66
551,5.619999999999999,0.7024999999999999,0.53,0.1063642857142857,0.45,1.39
552,14.13,1.76625,1.71,0.0744553571428572,1.47,2.35
553,17.319999999999997,2.1649999999999996,2.23,0.2943428571428572,1.43,3.1
554,11.989999999999998,1.4987499999999998,1.5550000000000002,0.1059839285714286,0.86,1.84
555,21.48,2.685,2.69,0.04937142857142853,2.35,3.0
556,16.32,2.04,2.05,0.12560000000000004,1.4,2.43
557,11.86,1.4825,1.415,0.09953571428571427,1.08,2.09
559,20.15,2.51875,2.3449999999999998,0.7601553571428569,1.52,4.31
560,15.78,1.9725,2.005,0.04922142857142864,1.52,2.22
561,18.14,2.2675,2.295,0.1642214285714286,1.6,2.87
562,14.5,1.8125,1.85,0.07639285714285715,1.34,2.25
563,8.870000000000001,1.1087500000000001,1.155,0.16755535714285713,0.49,1.82
564,17.79,2.22375,2.075,0.3947410714285716,1.43,3.26
565,14.450000000000001,1.8062500000000001,1.585,0.7435410714285717,0.88,3.47
566,13.29,1.66125,1.63,0.45261249999999975,0.85,2.63
567,22.279999999999998,2.7849999999999997,2.795,0.062285714285714326,2.3,3.08
568,15.219999999999999,1.9024999999999999,1.8250000000000002,0.08953571428571423,1.64,2.53
569,0.0,0.0,0.0,0.0,0.0,0.0
570,17.85,2.23125,2.215,0.15089821428571445,1.63,2.83
571,14.84,1.855,1.915,0.06899999999999998,1.44,2.15
572,15.720000000000002,1.9650000000000003,1.94,0.026800000000000043,1.73,2.2
573,8.21,1.02625,1.02,0.01605535714285715,0.8,1.2
574,25.930000000000003,3.2412500000000004,3.1550000000000002,0.20424107142857137,2.76,4.01
575,28.24,3.53,3.73,0.6755142857142858,2.46,4.49
579,17.830000000000002,2.2287500000000002,2.26,0.13555535714285702,1.69,2.8
580,13.76,1.72,1.6949999999999998,0.04868571428571429,1.43,2.1
581,29.23,3.65375,3.6950000000000003,0.4017125,2.56,4.6
582,11.94,1.4925,1.375,0.05633571428571426,1.33,1.96
583,13.540000000000001,1.6925000000000001,1.645,0.2179357142857142,1.1,2.4
584,15.239999999999998,1.9049999999999998,1.47,3.8532285714285703,0.56,6.64
585,4.07,0.50875,0.48,0.14232678571428573,0.0,1.04
586,9.590000000000002,1.1987500000000002,1.245,0.05701250000000003,0.77,1.49
587,32.24,4.03,3.96,0.19979999999999984,3.35,4.76
589,14.989999999999998,1.8737499999999998,1.9100000000000001,0.12911249999999994,1.45,2.36
590,15.250000000000002,1.9062500000000002,1.7149999999999999,0.35891249999999986,1.36,3.01
591,17.95,2.24375,2.3,0.34734107142857146,1.17,3.13
592,0.0,0.0,0.0,0.0,0.0,0.0
593,15.999999999999998,1.9999999999999998,1.94,0.13951428571428573,1.45,2.51
594,19.130000000000003,2.3912500000000003,2.44,0.1032982142857142,1.72,2.73
595,7.710000000000001,0.9637500000000001,1.0350000000000001,0.06691250000000003,0.47,1.3
596,13.05,1.63125,1.7149999999999999,0.12218392857142857,0.79,1.86
597,14.489999999999998,1.8112499999999998,1.855,0.08461249999999998,1.25,2.16
598,15.32,1.915,1.995,0.16757142857142865,1.42,2.32
599,9.969999999999999,1.2462499999999999,1.185,0.09876964285714285,0.74,1.7
600,14.769999999999998,1.8462499999999997,1.87,0.017969642857142833,1.61,2.01
602,13.19,1.64875,1.655,0.32575535714285725,0.67,2.7
604,22.34,2.7925,2.7,0.582307142857143,1.88,3.83
609,11.64,1.455,1.45,0.019371428571428567,1.22,1.68
610,22.340000000000003,2.7925000000000004,2.91,0.16245,2.05,3.19
611,7.48,0.935,0.825,0.0741142857142857,0.66,1.42
612,18.19,2.27375,2.375,0.11642678571428576,1.68,2.63
613,18.73,2.34125,2.425,0.2822982142857143,1.41,3.19
614,23.46,2.9325,3.035,0.17710714285714294,2.08,3.46
615,24.58,3.0725,3.1950000000000003,0.17453571428571424,2.44,3.6
616,16.080000000000002,2.0100000000000002,2.075,0.4670857142857141,1.07,3.03
617,4.84,0.605,0.5,0.0418857142857143,0.42,0.93
619,9.88,1.235,1.295,0.0552285714285714,0.81,1.44
620,11.46,1.4325,1.4049999999999998,0.1281928571428571,0.98,2.03
621,10.02,1.2525,1.315,0.13062142857142858,0.66,1.84
622,0.9,0.1125,0.0,0.058507142857142876,0.0,0.68
623,8.99,1.12375,1.15,0.028541071428571423,0.91,1.32
624,6.950000000000001,0.8687500000000001,0.8300000000000001,0.06966964285714283,0.59,1.4
625,11.180000000000001,1.3975000000000002,1.3599999999999999,0.015335714285714275,1.29,1.65
626,10.33,1.29125,1.1800000000000002,0.21726964285714287,0.69,2.13
627,9.95,1.24375,1.27,0.02579821428571427,0.97,1.41
628,18.000000000000004,2.2500000000000004,2.225,0.3737142857142857,1.1,2.95
629,18.890000000000004,2.3612500000000005,2.315,0.017041071428571454,2.22,2.64
630,11.400000000000002,1.4250000000000003,1.28,0.21137142857142857,0.91,2.1
632,19.54,2.4425,2.5300000000000002,0.26856428571428564,1.71,3.15
634,9.54,1.1925,1.2149999999999999,0.1336214285714285,0.62,1.66
639,13.1,1.6375,1.6099999999999999,0.08985000000000001,1.14,2.19
640,15.600000000000003,1.9500000000000004,2.01,0.04354285714285715,1.6,2.19
641,18.41,2.30125,2.08,0.6053267857142857,1.57,4.04
642,13.529999999999998,1.6912499999999997,1.76,0.12318392857142861,1.07,2.12
643,32.59,4.07375,4.12,0.7181982142857144,3.08,5.51
644,17.200000000000003,2.1500000000000004,2.135,0.1257714285714285,1.62,2.71
645,14.15,1.76875,1.625,0.10112678571428566,1.47,2.4
646,17.029999999999998,2.1287499999999997,2.245,0.14786964285714285,1.44,2.57
647,11.139999999999999,1.3924999999999998,1.355,0.14302142857142855,0.92,2.11
649,24.26,3.0325,2.95,0.10499285714285711,2.67,3.65
650,30.93,3.86625,3.5300000000000002,2.1901124999999997,2.66,7.33
651,15.58,1.9475,2.005,0.08779285714285714,1.55,2.37
652,8.26,1.0325,1.045,0.0383357142857143,0.73,1.36
653,9.22,1.1525,1.12,0.014964285714285713,0.99,1.32
654,8.44,1.055,0.915,0.10974285714285716,0.71,1.68
655,16.61,2.07625,2.0149999999999997,0.10785535714285711,1.64,2.63
656,38.54,4.8175,4.79,0.7446785714285717,3.55,6.13
657,33.53,4.19125,4.365,0.41246964285714277,3.09,5.13
658,0.0,0.0,0.0,0.0,0.0,0.0
659,20.78,2.5975,2.6,0.2366785714285715,2.07,3.41
660,28.03,3.50375,3.4800000000000004,0.2858839285714286,2.57,4.25
662,1.94,0.2425,0.21500000000000002,0.011335714285714286,0.08,0.4
664,30.799999999999997,3.8499999999999996,3.84,0.30440000000000006,3.09,4.76
669,19.2,2.4,2.31,0.2217142857142857,1.71,3.3
670,15.059999999999999,1.8824999999999998,2.08,0.4729071428571431,0.91,2.87
671,13.7,1.7125,1.73,0.06090714285714284,1.31,2.05
672,9.79,1.22375,1.19,0.027712500000000004,1.02,1.52
673,26.96,3.37,3.3099999999999996,0.24719999999999992,2.71,4.06
674,11.74,1.4675,1.565,0.06862142857142858,1.02,1.71
675,16.55,2.06875,2.11,0.11981250000000003,1.61,2.5
676,16.44,2.055,1.9,0.24588571428571407,1.42,2.78
677,9.219999999999999,1.1524999999999999,1.1400000000000001,0.035107142857142844,0.85,1.46
679,17.119999999999997,2.1399999999999997,2.05,0.24471428571428566,1.19,2.82
680,34.19,4.27375,4.17,1.4479982142857144,2.58,5.97
681,19.69,2.46125,2.4850000000000003,0.04029821428571424,2.04,2.67
682,17.349999999999998,2.1687499999999997,2.105,0.10481249999999993,1.84,2.78
683,25.240000000000006,3.1550000000000007,2.98,1.3028285714285712,1.91,5.1
684,15.68,1.96,2.085,0.2179428571428572,1.18,2.43
685,25.689999999999998,3.2112499999999997,3.0700000000000003,0.5845267857142856,2.28,4.18
686,12.889999999999999,1.6112499999999998,1.635,0.09489821428571428,1.0,1.93
687,1.46,0.1825,0.11,0.015278571428571428,0.09,0.41
688,16.15,2.01875,2.065,0.08978392857142858,1.52,2.4
689,8.62,1.0775,1.025,0.11130714285714285,0.6,1.54
690,13.089999999999998,1.6362499999999998,1.755,0.10945535714285716,0.86,1.85
691,11.46,1.4325,1.4300000000000002,0.09910714285714285,0.95,1.88
692,12.719999999999999,1.5899999999999999,1.5550000000000002,0.11194285714285715,1.15,2.2
693,15.629999999999999,1.9537499999999999,1.8900000000000001,0.09502678571428569,1.61,2.48
699,7.92,0.99,0.905,0.044171428571428584,0.77,1.32
700,2.57,0.32125,0.2,0.11995535714285713,0.02,0.87
701,11.299999999999999,1.4124999999999999,1.225,0.3933071428571429,0.85,2.4
702,20.549999999999997,2.5687499999999996,2.62,0.05518392857142862,2.09,2.85
703,20.880000000000003,2.6100000000000003,2.6,0.1154857142857143,2.07,3.07
704,26.930000000000003,3.3662500000000004,3.335,0.9054839285714282,2.2,4.89
705,13.910000000000002,1.7387500000000002,1.71,0.2226410714285714,1.23,2.57
706,32.73,4.09125,4.045,0.4036124999999996,3.06,5.06
707,15.960000000000003,1.9950000000000003,2.06,0.07091428571428572,1.65,2.29
709,19.04,2.38,2.41,0.06857142857142864,1.93,2.66
710,8.23,1.02875,1.04,0.08055535714285714,0.57,1.43
711,12.190000000000001,1.5237500000000002,1.505,0.08179821428571431,1.02,2.05
712,12.989999999999998,1.6237499999999998,1.375,0.24465535714285713,1.2,2.64
713,15.7,1.9625,2.01,0.11842142857142852,1.48,2.53
714,15.430000000000001,1.9287500000000002,1.9100000000000001,0.1182696428571428,1.32,2.35
715,20.069999999999997,2.5087499999999996,2.17,1.7363839285714284,0.51,4.59
716,10.290000000000001,1.2862500000000001,1.295,0.06854107142857147,0.86,1.59
717,13.92,1.74,1.8450000000000002,0.04308571428571428,1.47,1.99
718,23.289999999999996,2.9112499999999994,2.92,0.03069821428571427,2.65,3.15
719,29.94,3.7425,3.85,0.48784999999999995,2.47,4.68
720,22.11,2.76375,2.835,0.1848839285714285,2.04,3.24
721,21.57,2.69625,2.67,0.0979982142857143,2.3,3.13
722,19.02,2.3775,2.415,0.14490714285714293,1.92,3.0
723,34.08,4.26,4.1049999999999995,0.42440000000000017,3.38,5.03
724,12.1,1.5125,1.54,0.06627857142857137,1.0,1.9
726,23.0,2.875,2.935,0.21165714285714285,2.37,3.51
729,18.06,2.2575,2.1100000000000003,0.3483928571428571,1.53,3.37
730,8.86,1.1075,1.125,0.12150714285714284,0.45,1.67
731,7.16,0.895,0.855,0.0810857142857143,0.63,1.47
732,18.89,2.36125,2.255,0.7185839285714286,1.18,3.98
733,7.37,0.92125,0.91,0.027326785714285706,0.75,1.23
734,12.87,1.60875,1.55,0.08364107142857147,1.27,2.1
735,16.2,2.025,1.98,0.2361428571428572,1.17,2.7
736,8.48,1.06,1.0499999999999998,0.0481142857142857,0.75,1.4
737,15.34,1.9175,1.875,0.22830714285714282,1.36,2.74
739,10.769999999999998,1.3462499999999997,1.3250000000000002,0.15459821428571432,0.77,2.18
740,17.18,2.1475,2.005,0.2878214285714286,1.49,3.02
741,23.060000000000002,2.8825000000000003,2.995,0.08745000000000001,2.43,3.14
742,22.38,2.7975,2.78,0.12299285714285711,2.17,3.28
743,14.02,1.7525,1.895,0.16584999999999991,1.12,2.3
744,10.469999999999999,1.3087499999999999,1.3050000000000002,0.05112678571428569,0.89,1.66
745,26.970000000000002,3.3712500000000003,3.15,0.34158392857142855,2.89,4.5
746,18.299999999999997,2.2874999999999996,2.27,0.11290714285714289,1.68,2.79
747,11.65,1.45625,1.4049999999999998,0.1379982142857142,1.11,2.26
748,8.95,1.11875,1.135,0.04032678571428571,0.78,1.42
749,11.53,1.44125,1.335,0.25349821428571434,0.81,2.45
750,29.41,3.67625,3.5,0.6650839285714287,2.57,4.87
751,20.83,2.60375,2.4349999999999996,0.35768392857142856,2.06,3.84
752,18.91,2.36375,2.105,0.2953410714285715,1.94,3.41
753,20.48,2.56,2.245,0.271,2.11,3.31
754,12.16,1.52,1.55,0.22351428571428564,0.89,2.36
756,14.94,1.8675,1.76,0.36370714285714284,1.16,2.92
759,17.990000000000002,2.2487500000000002,2.255,0.10235535714285714,1.78,2.76
760,9.5,1.1875,1.1949999999999998,0.00713571428571428,1.02,1.3
761,12.04,1.505,1.525,0.03551428571428571,1.23,1.74
762,11.379999999999999,1.4224999999999999,1.445,0.06330714285714291,1.1,1.84
763,14.86,1.8575,1.88,0.032707142857142824,1.62,2.13
764,22.14,2.7675,2.6799999999999997,0.5817357142857142,1.79,3.92
765,11.220000000000002,1.4025000000000003,1.4249999999999998,0.07019285714285714,0.91,1.81
766,13.32,1.665,1.5550000000000002,0.11328571428571431,1.36,2.37
767,22.9,2.8625,3.005,0.1849071428571429,2.15,3.45
769,14.92,1.865,1.8,0.058228571428571387,1.6,2.38
770,20.91,2.61375,2.4000000000000004,0.5075124999999997,1.74,4.01
771,8.68,1.085,0.975,0.14308571428571432,0.69,1.73
772,9.020000000000001,1.1275000000000002,1.1949999999999998,0.020678571428571428,0.91,1.26
773,10.94,1.3675,1.325,0.06222142857142859,1.1,1.85
774,15.959999999999999,1.9949999999999999,1.9249999999999998,0.06305714285714287,1.68,2.41
775,21.919999999999998,2.7399999999999998,2.6,0.8227714285714287,1.95,4.75
776,8.11,1.01375,1.02,0.019369642857142853,0.76,1.2
777,14.629999999999999,1.8287499999999999,1.79,0.09838392857142855,1.36,2.32
778,27.25,3.40625,2.76,2.844769642857142,2.04,6.67
779,8.48,1.06,0.8999999999999999,0.185,0.6,1.94
780,20.310000000000002,2.5387500000000003,2.085,3.283098214285714,1.02,6.59
781,12.74,1.5925,1.7,0.07636428571428575,1.14,1.86
783,12.43,1.55375,1.525,0.04719821428571424,1.25,1.93
789,16.740000000000002,2.0925000000000002,2.265,0.37399285714285746,1.2,2.77
790,9.69,1.21125,1.18,0.03781250000000001,0.94,1.53
791,6.799999999999999,0.8499999999999999,0.78,0.03959999999999999,0.68,1.27
792,1.93,0.24125,0.245,0.003498214285714286,0.17,0.32
793,6.04,0.755,0.765,0.011485714285714283,0.59,0.94
794,11.850000000000001,1.4812500000000002,1.525,0.0557267857142857,1.07,1.79
795,18.01,2.25125,2.1950000000000003,0.040726785714285674,2.02,2.54
796,20.4,2.55,2.8049999999999997,1.1546571428571428,0.46,3.65
797,14.030000000000001,1.7537500000000001,1.825,0.2035410714285714,0.87,2.31
799,29.259999999999998,3.6574999999999998,3.56,0.5208785714285712,2.81,4.64
800,14.610000000000001,1.8262500000000002,1.81,0.08822678571428569,1.4,2.4
801,21.93,2.74125,2.885,0.3775267857142857,1.65,3.5
802,17.6,2.2,2.17,0.019685714285714317,2.0,2.49
803,16.51,2.06375,2.0700000000000003,0.24822678571428575,1.42,3.0
804,31.349999999999998,3.9187499999999997,3.81,0.47775535714285705,2.72,4.85
805,25.790000000000003,3.2237500000000003,1.5150000000000001,7.966569642857142,1.29,8.59
806,9.88,1.235,1.19,0.19385714285714287,0.74,2.02
807,16.65,2.08125,2.0149999999999997,0.1084982142857143,1.65,2.66
808,25.279999999999994,3.1599999999999993,3.365,0.5698857142857146,1.92,4.13
809,17.34,2.1675,2.1799999999999997,0.08104999999999994,1.75,2.53
810,5.73,0.71625,0.72,0.01699821428571429,0.46,0.87
811,23.57,2.94625,2.855,0.31391250000000015,1.98,3.73
813,27.29,3.41125,3.6399999999999997,0.8542696428571431,2.1,4.48
819,12.280000000000001,1.5350000000000001,1.46,0.159,0.96,2.23
820,18.51,2.31375,2.285,0.1546553571428571,1.78,2.97
821,16.64,2.08,2.0,0.08488571428571424,1.75,2.5
822,14.400000000000002,1.8000000000000003,1.8199999999999998,0.10740000000000001,1.37,2.37
823,12.040000000000001,1.5050000000000001,1.395,0.11454285714285715,1.15,2.09
824,7.590000000000002,0.9487500000000002,0.875,0.12209821428571428,0.6,1.67
825,14.09,1.76125,1.57,0.30889821428571435,1.22,2.83
826,11.450000000000001,1.4312500000000001,1.325,0.11641250000000004,1.1,2.06
827,7.01,0.87625,0.865,0.025112500000000013,0.58,1.11
829,13.879999999999999,1.7349999999999999,1.83,0.1544571428571428,1.09,2.26
830,10.61,1.32625,1.275,0.06125535714285714,1.02,1.72
831,12.969999999999999,1.6212499999999999,1.455,0.1331267857142857,1.29,2.3
832,32.1,4.0125,4.0,0.4417071428571428,3.15,5.15
833,15.31,1.91375,1.875,0.014598214285714275,1.8,2.1
834,17.7,2.2125,2.2300000000000004,0.01939285714285714,1.94,2.36
835,9.0,1.125,1.2149999999999999,0.09291428571428574,0.62,1.55
836,7.88,0.985,0.97,0.04891428571428572,0.74,1.46
837,22.540000000000003,2.8175000000000003,2.84,0.07059285714285708,2.33,3.26
838,5.9,0.7375,0.7,0.017535714285714283,0.6,0.96
839,11.82,1.4775,1.43,0.3189928571428572,0.83,2.61
840,20.08,2.51,2.52,0.06442857142857149,2.03,2.79
841,15.559999999999999,1.9449999999999998,1.9300000000000002,0.07134285714285714,1.61,2.26
843,11.71,1.46375,1.495,0.030569642857142865,1.1,1.62
849,44.48,5.56,5.515,1.2745714285714294,3.56,7.33
850,16.31,2.03875,1.995,0.1482982142857143,1.63,2.91
851,16.270000000000003,2.0337500000000004,2.25,0.2639696428571428,0.98,2.52
852,16.96,2.12,2.26,0.26371428571428607,1.36,2.72
853,13.700000000000001,1.7125000000000001,1.615,0.12956428571428577,1.36,2.41
854,13.26,1.6575,1.74,0.23227857142857133,0.98,2.25
855,26.580000000000002,3.3225000000000002,3.26,0.10210714285714283,2.91,3.96
856,30.549999999999997,3.8187499999999996,3.7,1.2686982142857144,2.09,5.68
857,10.719999999999999,1.3399999999999999,1.335,0.1287714285714285,0.85,1.9
858,9.14,1.1425,1.145,0.24747857142857144,0.44,1.96
859,36.53,4.56625,4.720000000000001,0.3616553571428568,3.44,5.38
860,25.599999999999998,3.1999999999999997,2.355,4.2928,1.25,7.04
861,11.86,1.4825,1.55,0.23002142857142863,0.8,2.15
862,33.51,4.18875,4.1850000000000005,0.21129821428571421,3.51,4.93
863,9.48,1.185,1.185,0.06460000000000003,0.9,1.58
864,32.019999999999996,4.0024999999999995,3.8899999999999997,0.7977642857142857,2.59,5.34
865,29.589999999999996,3.6987499999999995,3.615,0.5962982142857144,2.8,5.01
866,19.299999999999997,2.4124999999999996,2.395,0.25710714285714287,1.8,3.24
867,39.669999999999995,4.958749999999999,5.02,0.26266964285714295,4.3,5.57
868,32.68,4.085,4.025,1.5965999999999998,2.29,5.66
869,41.089999999999996,5.1362499999999995,5.09,0.22282678571428566,4.49,5.79
870,38.66,4.8325,4.91,0.9163071428571428,3.52,6.1
871,15.26,1.9075,1.835,0.0739928571428572,1.62,2.37
872,39.15,4.89375,5.115,0.6879125000000001,3.55,5.99
873,22.91,2.86375,2.825,0.1135982142857143,2.49,3.39
874,5.97,0.74625,0.7050000000000001,0.020883928571428567,0.61,1.01
875,10.77,1.34625,1.3599999999999999,0.05208392857142858,1.02,1.73
876,14.250000000000002,1.7812500000000002,1.835,0.08249821428571427,1.4,2.15
877,30.74,3.8425,4.12,0.7596785714285714,2.41,4.77
878,17.88,2.235,2.285,0.23268571428571436,1.47,2.82
879,20.470000000000002,2.5587500000000003,2.565,0.07875535714285711,2.13,2.94
880,17.27,2.15875,2.12,0.06098392857142853,1.84,2.49
881,16.16,2.02,2.1100000000000003,0.11268571428571425,1.35,2.33
882,21.64,2.705,2.565,0.5328000000000003,2.0,4.4
883,0.0,0.0,0.0,0.0,0.0,0.0
884,15.43,1.92875,2.01,0.19986964285714284,0.96,2.42
885,10.72,1.34,1.315,0.08097142857142854,0.9,1.67
886,16.759999999999998,2.0949999999999998,2.13,0.0611714285714286,1.63,2.44
887,15.249999999999998,1.9062499999999998,1.835,0.039083928571428554,1.65,2.28
888,19.330000000000002,2.4162500000000002,2.5599999999999996,0.07605535714285716,2.03,2.67
889,17.83,2.22875,2.26,0.16921249999999993,1.67,3.07
890,16.84,2.105,2.07,0.10622857142857144,1.75,2.64
891,25.23,3.15375,1.82,6.161369642857143,1.51,7.36
892,13.040000000000001,1.6300000000000001,1.58,0.0774857142857143,1.22,2.13
893,17.779999999999998,2.2224999999999997,2.235,0.10610714285714277,1.8,2.79
894,22.770000000000003,2.8462500000000004,2.9000000000000004,0.11805535714285713,2.35,3.25
895,9.11,1.13875,1.05,0.10195535714285715,0.78,1.69
896,13.6,1.7,1.7200000000000002,0.08697142857142856,1.24,2.04
897,20.06,2.5075,2.48,0.0759642857142857,2.22,2.98
898,22.47,2.80875,2.9050000000000002,0.08984107142857141,2.32,3.16
899,11.870000000000001,1.4837500000000001,1.4300000000000002,0.09756964285714283,1.11,1.97
900,10.69,1.33625,1.43,0.11554107142857138,0.65,1.71
901,20.06,2.5075,2.5,0.03136428571428575,2.28,2.75
902,17.59,2.19875,2.34,0.2042982142857142,1.49,2.66
903,11.52,1.44,1.455,0.06971428571428569,1.07,1.8
904,21.839999999999996,2.7299999999999995,2.54,0.6323142857142858,1.88,4.33
905,23.260000000000005,2.9075000000000006,2.965,0.08242142857142863,2.46,3.19
906,16.38,2.0475,2.27,0.2725642857142856,1.18,2.53
907,12.459999999999999,1.5574999999999999,1.56,0.07050714285714281,1.27,2.11
908,16.93,2.11625,2.085,0.1477982142857143,1.36,2.67
909,15.489999999999998,1.9362499999999998,1.93,0.06602678571428573,1.53,2.41
910,0.0,0.0,0.0,0.0,0.0,0.0
911,26.46,3.3075,3.505,0.21256428571428568,2.58,3.76
912,16.36,2.045,2.125,0.11928571428571422,1.48,2.53
913,15.4,1.925,1.855,0.27105714285714266,1.33,2.9
914,0.0,0.0,0.0,0.0,0.0,0.0
915,4.69,0.58625,0.575,0.008912499999999995,0.46,0.76
916,10.180000000000001,1.2725000000000002,0.655,1.4838214285714286,0.17,3.02
917,10.079999999999998,1.2599999999999998,1.24,0.5049428571428571,0.01,2.29
918,3.49,0.43625,0.43,0.05588392857142858,0.0,0.87
919,0.01,0.00125,0.0,1.25e-05,0.0,0.01
920,13.279999999999998,1.6599999999999997,1.5150000000000001,0.2854571428571428,1.1,2.38
921,14.22,1.7775,1.8399999999999999,0.1765642857142858,1.15,2.28
922,16.400000000000002,2.0500000000000003,1.96,0.10140000000000002,1.73,2.47
923,19.16,2.395,2.405,0.14962857142857142,1.89,3.05
924,22.9,2.8625,2.825,0.049821428571428586,2.49,3.22
926,17.14,2.1425,2.13,0.13507857142857144,1.56,2.65
927,13.999999999999998,1.7499999999999998,1.7,0.08399999999999998,1.32,2.17
928,18.95,2.36875,2.375,0.17935535714285708,1.73,2.98
929,9.86,1.2325,1.2349999999999999,0.031735714285714325,0.95,1.51
930,9.77,1.22125,1.23,0.1590982142857143,0.64,1.64
931,24.029999999999998,3.0037499999999997,2.995,0.19814107142857135,2.34,3.81
932,25.61,3.20125,3.135,0.22609821428571433,2.44,4.0
933,25.769999999999996,3.2212499999999995,3.24,0.2922696428571429,2.18,3.76
934,18.430000000000003,2.3037500000000004,2.3899999999999997,0.03608392857142855,2.0,2.47
935,20.26,2.5325,2.575,0.3935357142857144,1.42,3.19
936,23.689999999999998,2.9612499999999997,2.9050000000000002,0.26044107142857137,2.18,3.71
937,12.94,1.6175,1.48,0.15770714285714288,1.26,2.47
946,18.14,2.2675,2.365,0.3662785714285715,1.42,3.19
947,7.949999999999999,0.9937499999999999,1.045,0.02699821428571428,0.74,1.19
948,6.17,0.77125,0.84,0.053183928571428576,0.32,1.1
949,9.99,1.24875,1.2850000000000001,0.2219839285714285,0.63,1.97
950,15.989999999999998,1.9987499999999998,2.065,0.07049821428571429,1.62,2.35
951,14.25,1.78125,1.745,0.05709821428571428,1.47,2.19
952,12.990000000000002,1.6237500000000002,1.75,0.11302678571428572,0.88,1.87
953,21.01,2.62625,2.62,0.10085535714285723,2.11,3.0
954,18.29,2.28625,2.38,0.3895125,1.44,3.17
956,20.17,2.52125,2.915,0.5876982142857141,1.53,3.26
957,28.68,3.585,3.66,0.5295142857142863,2.36,4.53
958,23.44,2.93,2.9050000000000002,0.07025714285714287,2.65,3.3
959,93.99000000000001,11.748750000000001,10.98,35.356898214285714,4.29,20.61
960,16.66,2.0825,2.11,0.1771642857142858,1.61,2.74
961,22.270000000000003,2.7837500000000004,2.795,0.12339821428571428,2.3,3.3
962,19.860000000000003,2.4825000000000004,2.5250000000000004,0.06696428571428582,2.15,2.74
963,28.359999999999996,3.5449999999999995,3.715,0.5326571428571428,2.48,4.31
964,29.59,3.69875,3.535,0.15278392857142856,3.26,4.28
965,49.290000000000006,6.161250000000001,6.29,0.6468410714285714,4.79,7.19
966,22.86,2.8575,2.955,0.11267857142857136,2.37,3.3
967,23.53,2.94125,3.0650000000000004,0.3512982142857143,2.12,3.64
968,21.64,2.705,2.6950000000000003,0.021514285714285677,2.49,3.0
969,17.770000000000003,2.2212500000000004,2.09,0.15349821428571434,1.84,2.76
971,16.700000000000003,2.0875000000000004,2.12,0.08265000000000003,1.59,2.47
976,14.209999999999997,1.7762499999999997,1.875,0.26999821428571424,1.1,2.51
977,15.330000000000002,1.9162500000000002,2.01,0.1939410714285715,1.08,2.33
978,26.279999999999998,3.2849999999999997,3.3200000000000003,0.20688571428571428,2.5,4.07
979,7.870000000000001,0.9837500000000001,0.97,0.022769642857142846,0.76,1.19
980,3.78,0.4725,0.38,0.23422142857142858,0.0,1.11
981,0.0,0.0,0.0,0.0,0.0,0.0
982,2.89,0.36125,0.32,0.15129821428571427,0.0,0.95
983,0.0,0.0,0.0,0.0,0.0,0.0
984,16.83,2.10375,2.335,0.29119821428571424,1.23,2.68
986,35.85,4.48125,3.09,14.54775535714286,1.25,12.3
987,12.4,1.55,1.645,0.6170285714285715,0.0,2.49
988,8.42,1.0525,1.03,0.00985,0.92,1.23
989,0.0,0.0,0.0,0.0,0.0,0.0
990,4.37,0.54625,0.55,0.08228392857142859,0.22,0.99
991,4.11,0.51375,0.59,0.06434107142857144,0.16,0.79
992,9.18,1.1475,1.03,0.09813571428571428,0.81,1.6
993,9.17,1.14625,1.24,0.31608392857142853,0.22,1.81
994,22.3,2.7875,2.94,0.1805642857142857,1.88,3.27
995,8.73,1.09125,1.1400000000000001,0.06241250000000002,0.7,1.36
996,1.41,0.17625,0.0,0.11028392857142856,0.0,0.82
997,21.22,2.6525,2.5650000000000004,0.08210714285714284,2.34,3.25
998,11.68,1.46,1.38,0.1833428571428571,0.94,2.07
999,16.54,2.0675,1.9049999999999998,0.08227857142857141,1.85,2.52
1001,32.010000000000005,4.001250000000001,3.9299999999999997,0.12984107142857151,3.53,4.48
1006,25.580000000000002,3.1975000000000002,3.245,0.22399285714285713,2.64,3.74
1007,16.85,2.10625,2.09,0.05979821428571436,1.9,2.66
1008,17.8,2.225,2.015,0.21979999999999994,1.79,3.15
1009,21.229999999999997,2.6537499999999996,2.77,0.1845696428571429,1.84,3.06
1010,26.14,3.2675,3.245,0.15322142857142856,2.71,4.05
1011,14.37,1.79625,1.68,0.24296964285714293,1.26,2.9
1012,31.37,3.92125,3.9499999999999997,0.5396410714285715,2.71,5.12
1013,12.68,1.585,1.66,0.1319428571428571,0.87,1.96
1014,0.0,0.0,0.0,0.0,0.0,0.0
1016,11.669999999999998,1.4587499999999998,1.58,0.21184107142857142,0.84,1.91
1017,12.51,1.56375,1.5499999999999998,0.3993982142857143,0.57,2.6
1018,30.38,3.7975,3.9,0.10522142857142859,3.23,4.16
1019,37.330000000000005,4.666250000000001,4.615,0.2005125000000001,4.0,5.45
1020,29.049999999999997,3.6312499999999996,3.63,0.007269642857142847,3.49,3.75
1021,14.180000000000001,1.7725000000000002,1.635,0.18896428571428575,1.19,2.43
1022,9.84,1.23,1.205,0.09442857142857149,0.67,1.7
1023,23.23,2.90375,2.825,0.4754839285714284,1.79,3.94
1024,24.27,3.03375,2.1500000000000004,7.945883928571428,1.49,9.91
1025,20.79,2.59875,2.49,0.10486964285714283,2.26,3.11
1026,26.520000000000003,3.3150000000000004,3.2800000000000002,0.4374571428571428,2.44,4.21
1027,17.83,2.22875,2.16,0.07786964285714286,1.86,2.61
1028,35.49,4.43625,4.529999999999999,1.2421982142857142,2.56,5.88
1029,18.91,2.36375,2.31,0.10068392857142856,1.96,2.86
1031,15.09,1.88625,1.78,0.13691249999999996,1.52,2.61
1036,11.91,1.48875,1.455,0.04052678571428573,1.2,1.78
1037,33.21,4.15125,4.21,0.2844410714285715,3.35,4.96
1038,38.06,4.7575,3.125,21.02127857142856,2.82,16.08
1039,14.430000000000001,1.8037500000000002,1.825,0.052683928571428604,1.47,2.16
1040,13.52,1.69,1.66,0.03482857142857139,1.5,2.07
1041,27.110000000000003,3.3887500000000004,3.475,0.1500696428571429,2.94,3.92
1042,24.520000000000003,3.0650000000000004,2.855,0.29391428571428574,2.58,3.99
1043,21.21,2.65125,2.8049999999999997,0.12438392857142855,2.08,2.99
1044,23.7,2.9625,2.82,0.4222214285714284,2.19,4.06
1046,25.630000000000003,3.2037500000000003,2.0949999999999998,12.906826785714287,1.41,12.06
1047,18.0,2.25,2.385,0.18602857142857138,1.64,2.69
1048,19.900000000000002,2.4875000000000003,2.62,0.14973571428571428,1.74,2.93
1049,15.46,1.9325,1.79,0.44853571428571437,1.04,2.99
1050,25.36,3.17,3.3449999999999998,1.1001142857142852,1.42,4.45
1051,26.740000000000002,3.3425000000000002,3.285,0.14713571428571431,2.82,3.87
1052,27.65,3.45625,3.4000000000000004,0.08862678571428566,3.11,4.1
1053,24.32,3.04,2.95,0.581714285714286,2.19,4.24
1054,34.49,4.31125,2.385,18.502469642857143,1.94,14.21
1055,20.220000000000002,2.5275000000000003,2.65,0.20856428571428592,1.75,3.06
1056,12.850000000000001,1.6062500000000002,1.59,0.024055357142857125,1.42,1.9
1057,22.9,2.8625,2.8449999999999998,2.4721071428571433,1.09,5.91
1058,34.96,4.37,4.47,1.1858,2.87,5.84
1059,10.440000000000001,1.3050000000000002,1.275,0.09445714285714284,0.97,1.97
1061,26.64,3.33,3.35,0.31245714285714304,2.32,4.03
1066,23.469999999999995,2.9337499999999994,2.975,0.19562678571428557,2.28,3.73
1067,54.28,6.785,6.985,0.7989142857142858,4.91,7.86
1068,14.139999999999999,1.7674999999999998,1.7999999999999998,0.17139285714285712,1.01,2.23
1069,23.32,2.915,3.135,0.4991428571428572,1.49,3.73
1070,18.25,2.28125,2.335,0.08358392857142848,1.71,2.62
1071,23.110000000000003,2.8887500000000004,3.105,0.8905839285714283,1.19,3.91
1072,27.88,3.485,3.4050000000000002,0.3415714285714285,2.74,4.4
1073,16.16,2.02,2.03,0.1431142857142858,1.43,2.49
1074,31.98,3.9975,4.09,0.29859285714285716,3.31,4.9
1076,17.3,2.1625,2.085,0.14362142857142857,1.5,2.77
1077,21.84,2.73,2.795,0.22191428571428576,2.11,3.47
1078,13.989999999999998,1.7487499999999998,1.7149999999999999,0.03344107142857143,1.53,2.02
1079,31.759999999999998,3.9699999999999998,3.965,0.43791428571428576,2.87,5.01
1080,21.939999999999998,2.7424999999999997,2.6799999999999997,0.16925000000000007,2.28,3.33
1081,18.13,2.26625,2.12,0.09602678571428573,1.85,2.74
1082,21.200000000000003,2.6500000000000004,2.565,0.15419999999999995,2.09,3.44
1083,28.11,3.51375,3.435,1.095598214285715,2.16,5.73
1084,19.79,2.47375,2.415,0.18779821428571428,1.89,3.23
1085,17.4,2.175,2.135,0.06808571428571433,1.78,2.64
1086,19.78,2.4725,2.48,0.04022142857142862,2.25,2.71
1087,18.77,2.34625,2.37,0.3234267857142857,1.56,3.48
1088,20.23,2.52875,2.57,0.22615535714285712,1.85,3.1
1089,12.62,1.5775,1.6800000000000002,0.12547857142857147,0.78,1.87
1091,13.849999999999998,1.7312499999999997,1.795,0.0866982142857143,1.27,2.09
1096,16.02,2.0025,1.775,0.30119285714285704,1.52,2.95
1097,20.339999999999996,2.5424999999999995,2.335,0.29913571428571417,1.99,3.43
1098,25.880000000000003,3.2350000000000003,3.285,0.7083714285714288,1.95,4.45
1099,44.03,5.50375,5.734999999999999,0.32511249999999997,4.33,6.06
1100,13.180000000000003,1.6475000000000004,1.635,0.10239285714285715,1.16,2.06
1101,4.39,0.54875,0.5549999999999999,0.03984107142857143,0.3,0.93
1102,6.99,0.87375,0.925,0.0283982142857143,0.62,1.11
1103,34.39,4.29875,4.4399999999999995,0.5122410714285717,3.25,5.2
1104,6.63,0.82875,0.8300000000000001,0.029498214285714305,0.63,1.07
1106,41.93000000000001,5.241250000000001,3.375,29.048155357142853,1.7,18.06
1107,13.71,1.71375,1.6949999999999998,0.30879821428571425,1.08,2.76
1108,6.9,0.8625,0.895,0.03965,0.45,1.04
1109,28.82,3.6025,3.425,0.8950500000000002,2.61,5.77
1110,11.78,1.4725,1.55,0.07082142857142856,1.02,1.74
1111,22.93,2.86625,2.755,0.21719821428571429,2.29,3.54
1113,53.14999999999999,6.643749999999999,6.685,0.47862678571428585,5.38,7.4
1115,0.0,0.0,0.0,0.0,0.0,0.0
1117,0.0,0.0,0.0,0.0,0.0,0.0
1119,16.389999999999997,2.0487499999999996,2.12,0.4012696428571428,0.94,2.69
1121,17.9,2.2375,2.0949999999999998,0.6718214285714287,0.95,3.39
1124,0.0,0.0,0.0,0.0,0.0,0.0
1125,18.950000000000003,2.3687500000000004,2.565,0.27964107142857153,1.43,2.9
1126,0.0,0.0,0.0,0.0,0.0,0.0
1127,0.0,0.0,0.0,0.0,0.0,0.0
1128,26.799999999999997,3.3499999999999996,3.335,0.07634285714285713,2.85,3.77
1129,5.72,0.715,0.7,0.031628571428571416,0.49,0.99
1130,27.87,3.48375,3.46,0.06534107142857147,3.19,3.82
1131,13.04,1.63,1.6949999999999998,0.25665714285714286,0.94,2.4
1132,8.89,1.11125,1.1400000000000001,0.026069642857142857,0.78,1.25
1133,23.07,2.88375,2.75,0.2546553571428572,2.36,3.72
1134,10.64,1.33,1.43,0.05197142857142855,0.92,1.57
1136,10.21,1.27625,1.2850000000000001,0.051626785714285736,0.92,1.64
1137,17.8,2.225,2.135,0.05108571428571441,2.03,2.65
1138,15.590000000000002,1.9487500000000002,1.9700000000000002,0.21412678571428573,1.4,2.63
1139,4.26,0.5325,0.525,0.0037357142857142927,0.47,0.65
1140,20.72,2.59,2.6050000000000004,0.17537142857142846,1.95,3.2
1141,12.75,1.59375,1.6549999999999998,0.023998214285714286,1.37,1.8
1142,19.5,2.4375,2.31,0.11887857142857138,2.04,3.01
1143,19.14,2.3925,2.325,0.07107857142857146,2.0,2.89
1144,14.59,1.82375,1.955,0.11282678571428571,1.1,2.1
1145,30.32,3.79,3.7350000000000003,0.17471428571428577,3.05,4.39
1146,10.11,1.26375,1.255,0.018141071428571444,1.04,1.44
1147,14.350000000000001,1.7937500000000002,1.78,0.055598214285714286,1.55,2.29
1148,11.64,1.455,1.395,0.14197142857142858,0.81,1.92
1149,31.999999999999996,3.9999999999999996,3.835,0.5119142857142853,3.15,5.52
1151,16.639999999999997,2.0799999999999996,2.11,0.10591428571428571,1.75,2.73
1156,17.66,2.2075,2.085,0.14645,1.68,2.69
1157,11.059999999999999,1.3824999999999998,1.31,0.056478571428571385,1.04,1.71
1158,17.069999999999997,2.1337499999999996,2.245,0.1021982142857143,1.55,2.49
1159,24.549999999999997,3.0687499999999996,3.205,0.45246964285714275,1.84,3.96
1160,14.169999999999998,1.7712499999999998,1.8650000000000002,0.0987553571428571,1.2,2.28
1161,29.45,3.68125,3.6399999999999997,0.3204125000000002,2.98,4.73
1162,15.529999999999998,1.9412499999999997,2.045,0.10995535714285716,1.43,2.29
1163,18.39,2.29875,2.275,0.12238392857142848,1.86,3.02
1164,32.85,4.10625,4.035,0.4697410714285714,3.05,5.31
1166,13.389999999999999,1.6737499999999998,1.65,0.0851125,1.38,2.33
1167,17.97,2.24625,2.275,0.2659696428571429,1.16,2.71
1168,12.8,1.6,1.595,0.14168571428571425,1.01,2.19
1169,14.2,1.775,1.835,0.11337142857142858,1.21,2.21
1170,14.28,1.785,1.85,0.08288571428571427,1.26,2.09
1171,15.1,1.8875,1.825,0.6770785714285711,0.84,3.44
1172,11.110000000000001,1.3887500000000002,1.45,0.07829821428571426,0.97,1.79
1173,16.99,2.12375,2.25,0.08908392857142859,1.48,2.41
1174,17.970000000000002,2.2462500000000003,2.1950000000000003,0.025255357142857118,2.1,2.58
1175,13.76,1.72,1.705,0.006457142857142871,1.63,1.84
1176,16.32,2.04,2.03,0.09682857142857144,1.49,2.5
1177,17.1,2.1375,2.05,0.1466214285714285,1.6,2.65
1178,15.82,1.9775,1.975,0.17659285714285716,1.36,2.59
1179,5.81,0.72625,0.7,0.0035696428571428537,0.66,0.83
1181,14.370000000000001,1.7962500000000001,1.85,0.07171249999999998,1.25,2.07
1186,22.76,2.845,2.885,0.041971428571428604,2.51,3.1
1187,12.739999999999998,1.5924999999999998,1.6,0.06767857142857142,1.22,1.91
1188,11.59,1.44875,1.4249999999999998,0.013041071428571421,1.29,1.68
1189,25.020000000000003,3.1275000000000004,2.995,0.14362142857142865,2.61,3.74
1190,33.92,4.24,4.325,0.2884285714285713,3.45,4.97
1191,27.859999999999996,3.4824999999999995,3.535,0.4651357142857144,2.52,4.37
1192,20.32,2.54,2.6100000000000003,0.09742857142857135,2.11,2.96
1193,44.21,5.52625,5.65,0.36042678571428616,4.47,6.32
1194,7.05,0.88125,0.95,0.12575535714285713,0.09,1.18
1196,16.389999999999997,2.0487499999999996,1.8599999999999999,0.21629821428571433,1.53,2.94
1197,16.830000000000002,2.1037500000000002,2.065,0.048826785714285774,1.88,2.6
1198,14.479999999999999,1.8099999999999998,1.755,0.018285714285714277,1.64,2.05
1199,17.330000000000002,2.1662500000000002,2.275,0.17862678571428578,1.22,2.64
1200,29.619999999999997,3.7024999999999997,3.585,0.638307142857143,2.68,4.74
1201,25.099999999999998,3.1374999999999997,2.955,0.3597928571428572,2.4,4.22
1202,14.74,1.8425,1.82,0.21282142857142852,1.22,2.38
1203,20.799999999999997,2.5999999999999996,2.585,0.11374285714285717,2.09,3.03
1204,18.770000000000003,2.3462500000000004,2.2199999999999998,0.4617982142857141,1.2,3.43
1205,0.0,0.0,0.0,0.0,0.0,0.0
1206,1.8599999999999999,0.23249999999999998,0.235,0.017535714285714283,0.08,0.48
1207,3.5100000000000002,0.43875000000000003,0.395,0.057298214285714286,0.09,0.94
1208,8.64,1.08,1.065,0.021371428571428576,0.85,1.3
1209,17.459999999999997,2.1824999999999997,2.135,1.3998214285714285,0.34,3.58
1211,3.5599999999999996,0.44499999999999995,0.42,0.017885714285714283,0.25,0.69
1216,40.339999999999996,5.0424999999999995,4.865,0.9851357142857143,4.06,6.83
1217,29.93,3.74125,3.62,1.214983928571429,2.07,5.57
1218,16.029999999999998,2.0037499999999997,2.0549999999999997,0.13622678571428568,1.27,2.4
1219,31.200000000000003,3.9000000000000004,3.8,0.37802857142857155,2.78,4.79
1220,21.439999999999998,2.6799999999999997,2.75,0.11068571428571426,2.06,3.04
1221,26.45,3.30625,3.24,0.192369642857143,2.8,4.16
1222,21.07,2.63375,2.62,0.08359821428571428,2.27,3.11
1223,19.979999999999997,2.4974999999999996,2.46,0.08239285714285724,2.06,2.89
1224,11.190000000000001,1.3987500000000002,1.4449999999999998,0.07001249999999999,0.91,1.72
1226,22.61,2.82625,2.785,0.10571250000000001,2.34,3.27
1227,20.56,2.57,2.5999999999999996,0.09108571428571435,2.0,3.04
1228,16.099999999999998,2.0124999999999997,1.865,0.0650214285714286,1.79,2.47
1229,39.02000000000001,4.877500000000001,4.675000000000001,0.4620214285714287,4.17,6.15
1230,13.45,1.68125,1.635,0.15484107142857154,1.16,2.19
1231,20.880000000000003,2.6100000000000003,2.62,0.0670571428571428,2.23,2.91
1232,18.47,2.30875,2.4050000000000002,0.4816124999999999,1.48,3.44
1233,13.22,1.6525,1.56,0.5806785714285715,0.88,2.77
1234,28.94,3.6175,3.565,0.08702142857142856,3.24,4.06
1235,23.53,2.94125,2.785,0.5907839285714284,2.11,4.38
1236,14.91,1.86375,1.79,0.09928392857142858,1.42,2.42
1237,19.76,2.47,2.56,0.16419999999999996,1.76,2.91
1238,28.98,3.6225,3.255,0.7379928571428573,2.84,4.95
1239,12.6,1.575,1.57,0.019057142857142845,1.29,1.78
1241,6.930000000000001,0.8662500000000001,0.665,0.2351982142857143,0.45,1.72
1246,43.35,5.41875,5.43,0.35792678571428593,4.55,6.53
1247,7.529999999999999,0.9412499999999999,0.98,0.0456982142857143,0.67,1.26
1248,23.439999999999998,2.9299999999999997,2.825,0.13057142857142856,2.51,3.59
1249,21.469999999999995,2.6837499999999994,2.51,0.42714107142857144,1.97,3.98
1250,14.919999999999998,1.8649999999999998,1.775,0.054400000000000025,1.62,2.27
1251,12.44,1.555,1.5550000000000002,0.02382857142857144,1.31,1.77
1252,2.8599999999999994,0.35749999999999993,0.07500000000000001,0.15836428571428574,0.07,0.95
1253,2.24,0.28,0.205,0.09665714285714284,0.0,0.69
1254,26.689999999999998,3.3362499999999997,3.365,0.3473410714285716,2.33,4.24
1256,10.2,1.275,1.42,0.07785714285714283,0.92,1.61
1257,11.709999999999999,1.4637499999999999,1.4049999999999998,0.04576964285714288,1.2,1.82
1258,18.97,2.37125,2.4699999999999998,0.16469821428571432,1.81,2.84
1259,20.629999999999995,2.5787499999999994,2.5999999999999996,0.27984107142857134,1.69,3.51
1260,16.1,2.0125,2.0,0.020507142857142818,1.86,2.3
1261,12.729999999999999,1.5912499999999998,1.565,0.04064107142857143,1.27,1.89
1262,10.7,1.3375,1.33,0.010907142857142857,1.22,1.49
1263,19.840000000000003,2.4800000000000004,2.425,0.15154285714285717,2.04,3.12
1264,16.81,2.10125,2.15,0.08955535714285713,1.54,2.5
1265,16.04,2.005,2.005,0.10619999999999999,1.54,2.63
1266,28.790000000000003,3.5987500000000003,3.525,0.8840982142857146,2.48,5.16
1267,21.58,2.6975,2.745,0.3890785714285716,1.73,3.45
1268,26.3,3.2875,3.215,0.3374500000000001,2.45,4.04
1269,19.550000000000004,2.4437500000000005,2.47,0.18228392857142844,1.77,3.08
1271,29.830000000000002,3.7287500000000002,3.885,0.14306964285714283,3.06,4.05
1276,21.840000000000003,2.7300000000000004,2.775,0.08291428571428573,2.06,3.05
1277,0.0,0.0,0.0,0.0,0.0,0.0
1278,15.15,1.89375,1.77,0.2849125000000001,1.49,3.16
1279,31.220000000000002,3.9025000000000003,4.09,0.8895071428571429,2.34,5.44
1280,26.450000000000003,3.3062500000000004,3.325,0.03179821428571433,3.03,3.64
1281,18.09,2.26125,2.0549999999999997,0.7452124999999999,1.26,3.34
1282,20.0,2.5,2.43,0.0828857142857142,2.09,2.94
1283,0.35000000000000003,0.043750000000000004,0.034999999999999996,0.0025410714285714294,0.0,0.14
1284,20.53,2.56625,2.68,0.2397982142857143,1.72,3.09
1286,21.13,2.64125,2.5700000000000003,0.32901250000000015,1.68,3.31
1287,33.0,4.125,3.98,1.2371999999999999,2.98,5.61
1288,22.72,2.84,2.92,0.09445714285714282,2.41,3.34
1289,21.68,2.71,2.76,0.6363714285714286,1.79,3.73
1290,26.21,3.27625,3.34,0.05774107142857139,2.85,3.5
1291,22.69,2.83625,2.98,0.09974107142857146,2.28,3.09
1293,13.100000000000001,1.6375000000000002,1.625,0.10690714285714285,1.23,2.17
1295,36.919999999999995,4.614999999999999,4.785,0.5704571428571427,3.23,5.5
1297,15.629999999999999,1.9537499999999999,2.045,0.13122678571428575,1.37,2.48
1299,22.450000000000003,2.8062500000000004,3.035,0.36328392857142877,1.66,3.33
1301,22.7,2.8375,2.5,0.6348785714285711,2.2,4.17
1305,78.02000000000001,9.752500000000001,9.844999999999999,0.2485071428571429,9.03,10.26
1306,19.88,2.485,2.4450000000000003,0.33002857142857145,1.64,3.36
1307,24.259999999999998,3.0324999999999998,2.975,0.6738214285714289,1.92,4.41
1308,20.86,2.6075,2.755,0.30807857142857153,1.34,3.18
1309,34.46,4.3075,4.245,0.15765000000000007,3.78,5.0
1310,27.62,3.4525,3.41,0.07210714285714283,3.07,3.84
1311,26.740000000000002,3.3425000000000002,3.435,0.13976428571428545,2.7,3.79
1312,23.75,2.96875,2.965,0.4218125,2.0,4.04
1313,37.0,4.625,4.515000000000001,0.1188,4.32,5.28
1314,31.92,3.99,4.105,0.5040285714285715,2.92,5.16
1316,22.49,2.81125,2.8150000000000004,0.4013839285714285,2.02,3.82
1317,28.130000000000003,3.5162500000000003,3.55,0.21528392857142856,2.84,4.21
1318,26.379999999999995,3.2974999999999994,3.12,0.3882785714285714,2.53,4.5
1319,26.03,3.25375,3.215,0.6972839285714286,2.08,4.37
1320,30.17,3.77125,3.605,0.5840410714285714,2.6,4.95
1321,11.509999999999998,1.4387499999999998,1.51,0.10455535714285714,0.94,1.86
1322,20.63,2.57875,2.955,0.6757553571428574,1.46,3.45
1323,79.23,9.90375,6.12,42.617683928571445,4.23,21.76
1324,19.07,2.38375,2.275,0.12234107142857142,2.09,3.03
1325,18.34,2.2925,2.295,0.41487857142857143,1.53,3.19
1326,22.240000000000002,2.7800000000000002,2.52,0.2910857142857143,2.3,3.67
1327,10.46,1.3075,1.435,0.1220785714285714,0.67,1.63
1328,15.25,1.90625,1.875,0.1573410714285714,1.37,2.57
1329,19.95,2.49375,2.45,0.07585535714285714,2.15,2.97
1331,13.95,1.74375,1.98,0.27556964285714297,0.85,2.2
1336,32.36,4.045,4.039999999999999,0.32320000000000004,3.18,4.82
1337,35.57,4.44625,4.37,1.7447982142857146,2.46,6.5
1338,28.58,3.5725,3.505,0.4244785714285713,2.72,4.88
1339,35.76,4.47,4.279999999999999,0.7565714285714286,3.45,5.97
1340,16.07,2.00875,2.05,0.14481250000000007,1.47,2.58
1341,41.849999999999994,5.231249999999999,5.27,0.1503267857142856,4.57,5.72
1342,28.31,3.53875,3.8049999999999997,0.4666125000000002,2.41,4.29
1343,28.650000000000002,3.5812500000000003,3.445,0.1991839285714285,2.92,4.21
1344,20.2,2.525,2.395,0.12928571428571423,2.16,3.03
1346,21.520000000000003,2.6900000000000004,2.635,0.09822857142857143,2.23,3.18
1347,21.03,2.62875,2.62,0.20832678571428578,1.9,3.45
1348,33.72,4.215,4.305,0.16360000000000002,3.52,4.62
1349,24.490000000000002,3.0612500000000002,3.1,0.2905839285714286,2.15,3.97
1350,36.95,4.61875,4.65,0.526955357142857,3.71,5.77
1351,44.0,5.5,5.48,0.19711428571428563,4.91,6.32
1352,8.690000000000001,1.0862500000000002,1.0,0.11999821428571424,0.8,1.9
1353,26.209999999999994,3.276249999999999,3.485,0.7465982142857143,2.01,4.26
1354,23.319999999999997,2.9149999999999996,2.885,0.548342857142857,1.8,4.02
1355,17.02,2.1275,2.275,0.44685000000000014,1.29,3.0
1356,22.27,2.78375,2.825,0.1470553571428572,2.2,3.21
1357,23.570000000000004,2.9462500000000005,3.065,0.26905535714285705,1.79,3.43
1358,41.470000000000006,5.183750000000001,4.505000000000001,1.7695982142857136,4.1,7.72
1359,19.46,2.4325,2.35,0.3087357142857143,1.8,3.56
1361,18.33,2.29125,2.22,0.18415535714285708,1.75,3.24
1366,25.9,3.2375,3.075,0.40004999999999985,2.45,4.14
1367,20.89,2.61125,2.365,0.5538124999999999,2.1,4.39
1368,20.419999999999998,2.5524999999999998,2.49,0.2262785714285715,1.98,3.24
1369,25.460000000000004,3.1825000000000006,3.13,0.33753571428571433,2.31,4.11
1370,16.91,2.11375,2.13,0.03668392857142859,1.82,2.41
1371,27.91,3.48875,3.49,0.41609821428571436,2.5,4.36
1372,25.24,3.155,3.2350000000000003,0.0519142857142857,2.75,3.39
1373,21.909999999999997,2.7387499999999996,2.71,0.15846964285714296,2.23,3.5
1374,17.26,2.1575,2.125,0.14067857142857126,1.74,2.85
1376,28.97,3.62125,3.62,0.16324107142857142,2.95,4.29
1377,25.310000000000002,3.1637500000000003,3.25,0.2058553571428572,2.46,3.79
1378,18.26,2.2825,2.215,0.06673571428571427,2.04,2.79
1379,28.830000000000002,3.6037500000000002,3.795,0.2848553571428572,2.65,4.21
1380,40.84,5.105,4.64,3.0151142857142856,2.84,7.56
1381,19.16,2.395,2.3949999999999996,0.06459999999999999,1.98,2.69
1382,27.62,3.4525,3.39,0.13562142857142842,3.05,3.93
1383,23.75,2.96875,3.025,0.16689821428571427,2.33,3.58
1384,19.46,2.4325,2.45,0.04962142857142858,1.96,2.7
1385,13.559999999999999,1.6949999999999998,1.63,0.1115428571428571,1.37,2.17
1386,22.460000000000004,2.8075000000000006,2.7649999999999997,0.05976428571428568,2.51,3.3
1387,27.71,3.46375,3.42,0.05588392857142853,3.06,3.76
1388,34.599999999999994,4.324999999999999,4.4,0.3773714285714286,3.49,5.31
1389,28.93,3.61625,3.3499999999999996,0.3577410714285717,3.04,4.61
1391,28.39,3.54875,3.5949999999999998,0.24126964285714272,2.82,4.15
1396,37.46,4.6825,4.665,0.22333571428571466,3.88,5.3
1397,22.23,2.77875,2.715,0.37161249999999996,2.13,3.88
1398,11.23,1.40375,1.1800000000000002,0.40596964285714277,0.79,2.76
1399,39.65,4.95625,5.235,0.46905535714285757,3.53,5.68
1400,35.07,4.38375,4.48,0.3150553571428572,3.29,5.08
1401,10.119999999999997,1.2649999999999997,1.3599999999999999,0.05620000000000001,0.89,1.55
1402,14.34,1.7925,1.815,0.06770714285714285,1.25,2.06
1403,11.870000000000001,1.4837500000000001,1.4249999999999998,0.01562678571428571,1.36,1.7
1404,20.930000000000003,2.6162500000000004,2.56,0.08045535714285713,2.19,3.14
1406,31.540000000000003,3.9425000000000003,3.86,0.2961071428571428,3.29,5.07
1407,9.740000000000002,1.2175000000000002,1.295,0.13567857142857145,0.48,1.62
1408,17.21,2.15125,2.155,0.20052678571428556,1.58,2.9
1409,22.13,2.76625,2.71,0.1782839285714286,2.28,3.71
1410,13.670000000000002,1.7087500000000002,1.615,0.06315535714285715,1.47,2.18
1411,7.41,0.92625,0.925,0.010512500000000003,0.8,1.1
1412,30.5,3.8125,3.965,0.32850714285714283,2.77,4.43
1413,29.96,3.745,3.625,0.1849142857142855,3.35,4.67
1414,26.83,3.35375,3.33,0.34216964285714296,2.57,4.22
1415,17.22,2.1525,2.085,0.32405,1.15,3.21
1416,15.469999999999999,1.9337499999999999,1.99,0.47191249999999985,0.76,2.84
1417,11.19,1.39875,1.245,0.15221250000000006,1.02,2.14
1418,12.99,1.62375,1.61,0.07945535714285712,1.05,2.07
1419,17.759999999999998,2.2199999999999998,2.0700000000000003,0.13374285714285716,1.86,3.0
1421,16.95,2.11875,1.94,0.7029839285714283,1.14,3.69
1426,19.72,2.465,2.605,0.2309714285714286,1.44,3.07
1427,12.849999999999998,1.6062499999999997,1.6099999999999999,0.22868392857142858,0.97,2.29
1428,29.38,3.6725,3.795,0.43427857142857157,2.32,4.61
1429,17.33,2.16625,2.03,0.18959821428571438,1.63,2.75
1430,24.38,3.0475,3.06,0.4153071428571429,2.24,3.87
1431,32.449999999999996,4.0562499999999995,3.785,1.0963410714285715,2.64,5.91
1432,33.01,4.12625,3.985,0.3034839285714287,3.5,5.16
1433,14.14,1.7675,1.875,0.49933571428571427,0.68,2.6
1434,18.93,2.36625,2.455,0.15162678571428576,1.82,3.03
1436,11.77,1.47125,1.435,0.19032678571428566,1.03,1.96
1437,17.400000000000002,2.1750000000000003,2.105,0.10777142857142862,1.81,2.65
1438,26.2,3.275,3.105,0.7399142857142856,2.29,5.01
1439,18.48,2.31,2.215,0.05668571428571432,2.07,2.68
1440,24.19,3.02375,3.0700000000000003,0.728026785714286,1.64,4.19
1441,14.91,1.86375,1.81,0.19182678571428574,1.24,2.47
1442,22.189999999999998,2.7737499999999997,2.895,0.40756964285714287,1.95,3.65
1443,23.890000000000004,2.9862500000000005,3.135,0.36631249999999993,1.96,3.58
1444,14.08,1.76,1.8199999999999998,0.15599999999999994,0.89,2.12
1445,19.790000000000003,2.4737500000000003,2.7199999999999998,0.43762678571428576,1.45,3.23
1446,20.41,2.55125,2.59,0.17152678571428578,1.79,3.18
1447,13.339999999999998,1.6674999999999998,1.665,0.06802142857142855,1.2,1.95
1448,24.56,3.07,3.075,0.4186285714285712,2.14,4.1
1449,16.490000000000002,2.0612500000000002,2.085,0.049041071428571434,1.62,2.35
1451,20.060000000000002,2.5075000000000003,2.545,0.1209357142857143,2.04,3.06
1456,13.13,1.64125,1.625,0.06784107142857142,1.17,1.96
1457,27.71,3.46375,3.535,0.4975982142857145,2.37,4.37
1458,18.35,2.29375,2.37,0.04991250000000001,1.82,2.49
1459,19.289999999999996,2.4112499999999994,2.41,0.08586964285714292,2.01,2.95
1460,15.100000000000001,1.8875000000000002,1.9049999999999998,0.12673571428571434,1.15,2.23
1461,18.33,2.29125,2.2800000000000002,0.15932678571428557,1.62,3.02
1462,14.1,1.7625,1.655,0.23007857142857138,0.96,2.5
1463,25.14,3.1425,3.1950000000000003,0.17476428571428587,2.46,3.89
1464,29.939999999999998,3.7424999999999997,3.755,0.6518785714285713,2.37,5.05
1466,22.380000000000003,2.7975000000000003,2.63,0.6174500000000002,1.73,4.03
1467,26.360000000000003,3.2950000000000004,3.4450000000000003,0.19611428571428569,2.47,3.81
1468,17.21,2.15125,2.285,0.4146410714285715,1.22,3.04
1474,29.479999999999997,3.6849999999999996,2.7199999999999998,2.3623714285714286,2.53,6.61
1475,0.5800000000000001,0.07250000000000001,0.02,0.017821428571428575,0.0,0.4
1476,26.35,3.29375,3.3499999999999996,0.3791982142857142,2.45,4.12
1477,58.019999999999996,7.2524999999999995,7.4399999999999995,5.906107142857143,4.02,10.53
1478,26.310000000000002,3.2887500000000003,3.12,0.3253553571428572,2.58,4.46
1479,18.78,2.3475,2.425,0.18539285714285716,1.44,2.84
1480,22.45,2.80625,2.71,0.05411250000000003,2.59,3.24
1481,30.37,3.79625,3.9000000000000004,0.25656964285714284,3.12,4.59
1482,29.86,3.7325,3.7750000000000004,0.14336428571428575,3.27,4.3
1483,25.7,3.2125,3.1950000000000003,0.4269071428571429,2.11,4.01
1484,27.589999999999996,3.4487499999999995,3.495,0.1221839285714286,2.76,3.84
1485,36.58,4.5725,4.57,0.07665,4.03,4.88
1486,28.769999999999996,3.5962499999999995,3.5599999999999996,0.5651124999999997,2.42,4.8
1487,29.2,3.65,3.76,0.7204571428571428,2.25,4.78
1488,24.780000000000005,3.0975000000000006,3.075,0.4830214285714286,1.86,4.45
1489,21.61,2.70125,2.425,0.5576125000000001,1.91,4.08
1490,7.95,0.99375,0.99,0.07036964285714287,0.7,1.5
1492,21.72,2.715,2.66,0.2808285714285715,1.83,3.42
1495,14.66,1.8325,1.855,0.06265,1.53,2.2
1496,24.609999999999996,3.0762499999999995,2.965,0.16219821428571418,2.68,3.81
1497,40.46,5.0575,4.6,2.641935714285713,3.42,8.7
1498,35.57,4.44625,4.495,0.04202678571428581,4.16,4.71
1499,29.490000000000002,3.6862500000000002,3.415,0.8475982142857139,2.14,5.1
1500,22.610000000000003,2.8262500000000004,3.045,0.3911410714285715,1.7,3.38
1501,17.12,2.14,2.1100000000000003,0.047371428571428585,1.82,2.43
1502,13.49,1.68625,1.675,0.06954107142857142,1.29,2.06
1503,15.74,1.9675,1.995,0.12913571428571427,1.43,2.5
1504,20.509999999999998,2.5637499999999998,2.515,0.2037125000000001,1.95,3.21
1505,3.06,0.3825,0.405,0.009649999999999997,0.2,0.52
1506,14.479999999999999,1.8099999999999998,1.865,0.2629714285714286,0.81,2.48
1507,26.95,3.36875,3.2649999999999997,1.0720982142857134,2.33,5.72
1508,4.32,0.54,0.52,0.030971428571428587,0.32,0.8
1509,15.82,1.9775,2.025,0.028621428571428565,1.72,2.21
1511,18.000000000000004,2.2500000000000004,2.27,0.15017142857142857,1.69,2.71
1514,12.100000000000001,1.5125000000000002,1.495,0.02227857142857142,1.31,1.75
1515,37.709999999999994,4.713749999999999,4.734999999999999,0.3382267857142862,3.71,5.69
1516,24.84,3.105,3.335,0.35760000000000014,2.11,3.67
1517,24.760000000000005,3.0950000000000006,3.1550000000000002,0.14574285714285715,2.54,3.75
1518,19.43,2.42875,2.335,0.1197839285714284,2.02,2.98
1519,24.189999999999998,3.0237499999999997,3.175,0.2496839285714286,2.1,3.58
1520,25.269999999999996,3.1587499999999995,3.0250000000000004,0.4094696428571429,2.33,4.2
1521,30.290000000000003,3.7862500000000003,3.795,0.06971249999999993,3.44,4.27
1522,18.42,2.3025,2.205,0.24133571428571418,1.64,3.16
1524,25.33,3.16625,3.1900000000000004,0.0847124999999999,2.75,3.61
1525,37.82,4.7275,4.755,0.26342142857142886,3.94,5.33
1526,20.160000000000004,2.5200000000000005,2.425,0.23937142857142857,1.82,3.55
1527,39.269999999999996,4.9087499999999995,4.9,1.3456696428571437,3.2,6.98
1528,19.650000000000002,2.4562500000000003,2.395,0.04045535714285713,2.21,2.85
1529,20.89,2.61125,2.635,0.12309821428571428,1.96,3.08
1531,21.28,2.66,2.5700000000000003,0.0896,2.36,3.13
1534,20.470000000000002,2.5587500000000003,2.535,0.2812410714285714,1.88,3.37
1535,23.75,2.96875,2.92,0.09849821428571419,2.63,3.62
1536,25.119999999999997,3.1399999999999997,2.7350000000000003,1.165657142857143,2.42,5.7
1537,11.590000000000002,1.4487500000000002,1.4649999999999999,0.12412678571428566,1.04,1.91
1538,17.830000000000002,2.2287500000000002,2.21,0.10552678571428577,1.79,2.87
1539,12.760000000000002,1.5950000000000002,1.5,0.16680000000000006,1.11,2.47
1540,14.45,1.80625,1.68,0.04288392857142854,1.64,2.13
1541,46.42999999999999,5.803749999999999,5.68,0.5911696428571432,4.9,7.22
1542,15.83,1.97875,2.035,0.07358392857142859,1.58,2.31
1544,21.019999999999996,2.6274999999999995,2.8,0.5999357142857142,1.21,3.51
1545,17.29,2.16125,2.3200000000000003,0.09061249999999998,1.52,2.4
1546,18.04,2.255,2.165,0.2357142857142856,1.61,2.98
1547,23.88,2.985,2.995,0.07202857142857144,2.61,3.34
1548,13.35,1.66875,1.705,0.04609821428571424,1.26,2.03
1549,17.189999999999998,2.1487499999999997,2.1950000000000003,0.07621250000000002,1.75,2.5
1551,22.43,2.80375,2.23,2.2541410714285712,1.69,6.38
1554,20.29,2.53625,2.41,0.12725535714285713,2.21,3.11
1555,22.32,2.79,2.8049999999999997,0.0892571428571429,2.37,3.3
1556,28.330000000000002,3.5412500000000002,3.58,1.0159267857142862,2.05,5.4
1557,35.339999999999996,4.4174999999999995,4.515,0.5074785714285713,3.27,5.25
1558,28.08,3.51,3.385,0.11945714285714286,3.1,3.95
1559,26.83,3.35375,3.3449999999999998,0.182969642857143,2.71,4.15
1560,25.869999999999997,3.2337499999999997,3.1550000000000002,0.24756964285714292,2.55,3.85
1561,11.950000000000001,1.4937500000000001,1.545,0.44936964285714265,0.2,2.55
1562,27.370000000000005,3.4212500000000006,3.41,0.17435535714285702,2.74,4.14
1564,30.449999999999996,3.8062499999999995,3.7199999999999998,0.6858839285714284,2.6,4.77
1565,17.830000000000002,2.2287500000000002,2.2199999999999998,0.03504107142857141,1.89,2.51
1566,36.519999999999996,4.5649999999999995,4.67,0.49837142857142863,2.99,5.27
1567,42.94,5.3675,5.415,0.3669642857142859,4.23,6.29
1568,34.31,4.28875,4.4350000000000005,1.0195267857142858,2.33,5.44
1569,30.730000000000004,3.8412500000000005,4.005,0.21921250000000028,3.24,4.37
1571,23.2,2.9,2.745,0.29805714285714274,2.2,3.65
1574,14.25,1.78125,1.82,0.13389821428571425,1.34,2.26
1575,17.83,2.22875,2.285,0.37895535714285716,1.6,3.48
1576,18.349999999999998,2.2937499999999997,2.085,0.4893125,1.54,3.36
1577,43.85,5.48125,5.53,0.16518392857142875,4.85,5.98
1578,12.55,1.56875,1.4649999999999999,0.0552982142857143,1.35,2.0
1579,17.160000000000004,2.1450000000000005,2.0300000000000002,0.4213142857142858,1.22,3.3
1580,25.889999999999997,3.2362499999999996,2.85,0.5802267857142855,2.67,4.59
1581,21.59,2.69875,2.385,1.0207267857142859,1.8,5.08
1582,18.41,2.30125,2.25,0.06841250000000006,2.0,2.81
1583,59.970000000000006,7.496250000000001,7.26,1.5270267857142854,6.12,10.32
1584,19.93,2.49125,2.5250000000000004,0.058955357142857094,2.09,2.82
1585,19.560000000000002,2.4450000000000003,2.55,0.3106571428571429,1.54,3.03
1592,49.580000000000005,6.197500000000001,6.08,0.5742214285714285,5.23,7.74
1593,19.22,2.4025,2.41,0.15625000000000003,1.94,2.94
1594,19.78,2.4725,2.38,0.13913571428571422,2.09,3.28
1595,18.3,2.2875,2.275,0.2200785714285713,1.6,2.98
1596,35.41,4.42625,4.15,0.7945410714285714,3.65,6.47
1597,18.16,2.27,2.32,0.41722857142857134,1.5,3.32
1598,12.61,1.57625,1.4449999999999998,0.1736553571428571,1.07,2.17
1599,27.74,3.4675,3.26,0.8644214285714286,2.43,5.15
1600,24.74,3.0925,2.95,0.16565000000000002,2.71,3.69
1601,18.619999999999997,2.3274999999999997,2.3449999999999998,0.03927857142857134,1.95,2.57
1602,33.379999999999995,4.172499999999999,4.215,0.6083071428571427,3.06,5.46
1604,22.110000000000003,2.7637500000000004,2.675,0.40325535714285715,2.07,3.73
1605,8.73,1.09125,1.1099999999999999,0.044726785714285684,0.71,1.41
1606,25.020000000000003,3.1275000000000004,3.11,0.09296428571428564,2.58,3.58
1607,12.44,1.555,1.4,0.2467714285714286,1.16,2.73
1608,0.34,0.0425,0.05,0.00145,0.0,0.09
1609,31.42,3.9275,4.145,0.5892499999999998,2.73,4.68
1611,19.22,2.4025,2.415,0.20262142857142854,1.79,3.03
1614,18.990000000000002,2.3737500000000002,2.315,0.13174107142857136,1.95,2.96
1615,14.129999999999999,1.7662499999999999,1.705,0.19316964285714286,1.15,2.43
1616,14.229999999999999,1.7787499999999998,1.73,0.05772678571428574,1.52,2.14
1617,26.04,3.255,3.145,0.07519999999999996,2.97,3.69
1618,25.060000000000002,3.1325000000000003,3.16,0.3365642857142857,2.35,4.11
1619,23.5,2.9375,2.89,0.3528214285714287,1.85,3.62
1620,28.439999999999998,3.5549999999999997,3.4699999999999998,0.1077428571428571,3.14,4.06
1621,14.73,1.84125,1.6,0.26752678571428573,1.35,2.7
1622,25.910000000000004,3.2387500000000005,3.24,0.11272678571428561,2.79,3.73
1623,0.0,0.0,0.0,0.0,0.0,0.0
1624,21.589999999999996,2.6987499999999995,2.715,0.22004107142857138,2.08,3.27
1625,18.1,2.2625,2.28,0.045221428571428524,1.81,2.55
1626,38.06,4.7575,4.84,1.3659357142857143,3.24,6.94
1627,42.24,5.28,5.285,0.5542857142857139,4.25,6.14
1628,23.540000000000003,2.9425000000000003,3.0549999999999997,0.1713357142857143,2.14,3.37
1630,38.77,4.84625,4.765000000000001,0.5440553571428571,3.83,6.21
1633,24.64,3.08,2.95,0.26637142857142876,2.47,4.03
1634,32.52,4.065,3.995,0.5345714285714288,3.13,4.89
1635,48.17,6.02125,6.145,1.4702125000000001,4.22,7.52
1636,16.42,2.0525,1.9649999999999999,0.3943357142857142,1.37,3.32
1637,16.34,2.0425,2.02,0.23247857142857148,1.38,2.71
1638,34.56,4.32,4.300000000000001,0.1317142857142854,3.67,4.81
1639,23.69,2.96125,2.755,0.29532678571428567,2.31,3.94
1640,12.79,1.59875,1.615,0.11146964285714286,0.91,2.08
1641,18.419999999999998,2.3024999999999998,2.2649999999999997,0.2618785714285714,1.47,3.03
1643,23.17,2.89625,2.895,0.10014107142857145,2.5,3.37
1644,27.08,3.385,3.3600000000000003,0.36282857142857156,2.51,4.45
1645,15.660000000000002,1.9575000000000002,2.0,0.04082142857142853,1.57,2.23
1646,28.439999999999998,3.5549999999999997,3.395,0.45120000000000043,2.78,4.69
1647,9.95,1.24375,1.23,0.04556964285714287,0.94,1.62
1648,11.229999999999999,1.4037499999999998,1.37,0.055341071428571476,1.11,1.77
1650,40.55,5.06875,5.095,0.4059267857142857,4.19,6.04
1653,32.48,4.06,3.41,4.890771428571429,2.66,9.41
1654,26.099999999999998,3.2624999999999997,2.92,0.916192857142857,1.95,4.65
1655,19.759999999999998,2.4699999999999998,2.57,0.46328571428571436,1.3,3.7
1656,34.05,4.25625,4.035,0.2853125000000001,3.73,5.04
1657,25.950000000000003,3.2437500000000004,3.165,0.22876964285714288,2.56,4.03
1658,11.999999999999998,1.4999999999999998,1.45,0.05031428571428571,1.18,1.78
1659,26.58,3.3225,3.3049999999999997,0.2230785714285715,2.62,4.22
1660,24.209999999999997,3.0262499999999997,3.04,0.09148392857142877,2.58,3.56
1661,14.92,1.865,1.875,0.03694285714285713,1.57,2.14
1663,21.830000000000002,2.7287500000000002,2.7699999999999996,0.027555357142857166,2.47,3.0
1664,21.67,2.70875,2.6950000000000003,0.13532678571428575,2.22,3.32
1665,22.59,2.82375,2.645,0.1078553571428572,2.58,3.46
1666,21.279999999999998,2.6599999999999997,2.745,0.3683142857142855,1.79,3.38
1667,31.029999999999998,3.8787499999999997,3.9800000000000004,0.2084982142857142,2.95,4.46
1668,20.560000000000002,2.5700000000000003,2.54,0.0621714285714286,2.25,2.97
1670,19.12,2.39,2.3600000000000003,0.03348571428571431,2.09,2.66
1673,30.840000000000003,3.8550000000000004,3.9749999999999996,0.7158571428571429,2.57,5.26
1674,17.460000000000004,2.1825000000000006,2.365,0.4339642857142856,0.91,2.87
1675,20.62,2.5775,2.54,0.5156785714285713,1.52,3.57
1676,15.480000000000002,1.9350000000000003,1.9300000000000002,0.08108571428571432,1.43,2.39
1677,11.030000000000001,1.3787500000000001,1.37,0.09649821428571428,0.96,1.83
1678,28.4,3.55,3.36,1.543571428571429,1.89,5.69
1679,19.720000000000002,2.4650000000000003,2.375,0.30851428571428585,1.54,3.16
1680,35.4,4.425,4.36,0.6418857142857144,3.15,5.52
1681,29.58,3.6975,3.875,0.4747642857142857,2.26,4.34
1683,30.29,3.78625,3.67,0.3292839285714284,3.22,5.02
1684,37.06,4.6325,4.665,1.0977357142857147,3.0,5.87
1685,17.700000000000003,2.2125000000000004,2.3200000000000003,0.28147857142857147,1.47,2.89
1686,17.75,2.21875,2.2199999999999998,0.07092678571428568,1.77,2.57
1687,12.74,1.5925,1.67,0.07139285714285716,1.08,1.9
1688,26.21,3.27625,3.2800000000000002,0.21754107142857151,2.53,4.15
1690,20.470000000000002,2.5587500000000003,2.67,0.15615535714285714,1.92,2.98
1693,29.830000000000002,3.7287500000000002,3.665,0.30889821428571423,2.89,4.73
1694,13.020000000000001,1.6275000000000002,1.6949999999999998,0.053449999999999984,1.27,1.96
1695,11.42,1.4275,1.35,0.09953571428571431,1.06,2.02
1696,8.379999999999999,1.0474999999999999,0.985,0.037535714285714276,0.82,1.38
1697,16.68,2.085,2.06,0.06125714285714289,1.8,2.46
1698,18.88,2.36,2.275,0.06039999999999993,2.01,2.73
1699,13.0,1.625,1.55,0.07311428571428569,1.27,2.13
1700,7.62,0.9525,0.96,0.04087857142857142,0.65,1.22
1701,17.52,2.19,2.11,0.08402857142857145,1.71,2.59
1703,0.0,0.0,0.0,0.0,0.0,0.0
1704,44.410000000000004,5.5512500000000005,5.58,0.2525553571428575,4.85,6.21
1705,0.0,0.0,0.0,0.0,0.0,0.0
1706,12.15,1.51875,1.52,0.0927267857142857,1.03,1.94
1708,28.080000000000002,3.5100000000000002,3.205,0.3958857142857144,2.92,4.41
1713,0.0,0.0,0.0,0.0,0.0,0.0
1714,9.950000000000001,1.2437500000000001,1.2349999999999999,0.2769982142857143,0.61,2.22
1715,24.549999999999997,3.0687499999999996,3.23,0.5256982142857142,2.05,4.08
1716,23.739999999999995,2.9674999999999994,2.87,0.18022142857142873,2.46,3.72
1717,17.450000000000003,2.1812500000000004,2.25,0.0989553571428571,1.74,2.56
1718,14.179999999999998,1.7724999999999997,1.9649999999999999,0.1549642857142857,1.11,2.11
1719,8.61,1.07625,1.065,0.05562678571428573,0.7,1.36
1720,16.25,2.03125,2.105,0.0730125,1.48,2.32
1721,6.840000000000001,0.8550000000000001,0.81,0.03542857142857145,0.68,1.26
1722,16.71,2.08875,1.915,0.33689821428571426,1.53,3.34
1723,16.93,2.11625,2.115,0.051712500000000015,1.69,2.42
1725,21.490000000000002,2.6862500000000002,2.67,0.13294107142857148,2.07,3.28
1726,15.28,1.91,1.8900000000000001,0.029114285714285735,1.65,2.18
1727,11.919999999999998,1.4899999999999998,1.49,0.19742857142857137,0.94,2.15
1728,24.920000000000005,3.1150000000000007,3.24,0.3367428571428572,2.0,3.78
1729,9.400000000000002,1.1750000000000003,1.165,0.016885714285714292,0.95,1.36
1730,16.76,2.095,2.1100000000000003,0.024971428571428592,1.78,2.35
1732,19.63,2.45375,2.5549999999999997,0.11625535714285727,2.01,2.91
1735,15.44,1.93,1.81,0.14782857142857145,1.51,2.63
1736,9.71,1.21375,1.1,0.1108267857142857,0.86,1.81
1737,11.09,1.38625,1.32,0.0792839285714286,1.11,1.86
1738,17.67,2.20875,2.255,0.061098214285714256,1.82,2.56
1739,12.07,1.50875,1.4849999999999999,0.04524107142857143,1.25,1.94
1740,12.360000000000001,1.5450000000000002,1.66,0.06457142857142853,1.09,1.76
1741,7.1499999999999995,0.8937499999999999,0.89,0.00616964285714285,0.76,1.03
1742,15.52,1.94,1.95,0.07528571428571429,1.54,2.23
1743,18.18,2.2725,2.25,0.2246785714285715,1.63,3.15
1745,9.66,1.2075,1.17,0.021221428571428558,1.04,1.46
1746,11.74,1.4675,1.395,0.040164285714285715,1.19,1.78
1747,22.95,2.86875,2.75,0.21544107142857147,2.46,3.75
1748,18.98,2.3725,2.1900000000000004,0.46810714285714283,1.69,3.9
1749,15.22,1.9025,1.8199999999999998,0.24004999999999993,1.24,2.56
1750,16.44,2.055,1.9449999999999998,0.3119714285714287,1.24,2.89
1752,16.65,2.08125,1.935,0.2381839285714286,1.5,3.11
1755,25.25,3.15625,3.2350000000000003,0.4673410714285714,2.07,3.86
1756,14.959999999999999,1.8699999999999999,1.835,0.06082857142857142,1.49,2.33
1757,8.92,1.115,1.145,0.03794285714285716,0.85,1.38
1758,8.530000000000001,1.0662500000000001,1.01,0.055998214285714276,0.8,1.46
1759,9.83,1.22875,1.2650000000000001,0.02598392857142858,0.95,1.46
1760,11.35,1.41875,1.385,0.053926785714285726,1.04,1.77
1761,14.47,1.80875,1.73,0.14138392857142862,1.23,2.41
1762,13.66,1.7075,1.73,0.043678571428571435,1.31,1.96
1763,11.780000000000001,1.4725000000000001,1.505,0.02982142857142857,1.2,1.71
1765,20.05,2.50625,2.55,0.0746267857142857,2.11,2.82
1766,14.45,1.80625,1.8399999999999999,0.11928392857142855,1.25,2.36
1767,16.16,2.02,1.9249999999999998,0.14368571428571428,1.63,2.85
1768,9.379999999999999,1.1724999999999999,1.17,0.026307142857142845,0.92,1.45
1769,0.38,0.0475,0.05,0.0007357142857142857,0.0,0.08
1770,22.040000000000006,2.755000000000001,2.795,0.23540000000000008,1.99,3.58
1772,20.7,2.5875,2.4699999999999998,0.2370214285714285,2.06,3.4
1775,31.740000000000002,3.9675000000000002,4.02,0.37865,3.12,4.79
1776,10.57,1.32125,1.31,0.020412499999999993,1.05,1.48
1777,15.700000000000001,1.9625000000000001,1.9849999999999999,0.12942142857142844,1.33,2.51
1778,15.44,1.93,1.85,0.09882857142857142,1.49,2.46
1779,18.35,2.29375,2.26,0.13516964285714295,1.67,2.81
1780,7.37,0.92125,0.9,0.05978392857142856,0.63,1.4
1781,16.439999999999998,2.0549999999999997,2.105,0.058657142857142845,1.74,2.39
1782,22.330000000000002,2.7912500000000002,2.85,0.21478392857142845,2.17,3.56
1783,38.17,4.77125,5.055,0.3402125000000003,3.67,5.36
1785,19.55,2.44375,2.3899999999999997,0.28919821428571435,1.85,3.27
1786,17.74,2.2175,2.0700000000000003,0.09399285714285711,1.96,2.86
1787,12.040000000000001,1.5050000000000001,1.455,0.07945714285714285,1.16,2.13
1788,12.7,1.5875,1.6099999999999999,0.14873571428571425,1.02,2.09
1789,17.380000000000003,2.1725000000000003,2.275,0.15739285714285714,1.34,2.62
1790,9.95,1.24375,1.2149999999999999,0.06422678571428571,0.89,1.69
1792,14.89,1.86125,2.005,0.1507267857142857,1.27,2.26
1795,16.89,2.11125,2.0149999999999997,0.42778392857142855,1.04,3.23
1796,26.42,3.3025,2.95,4.6090785714285705,0.95,7.26
1797,5.77,0.72125,0.715,0.01269821428571429,0.57,0.87
1798,24.689999999999998,3.0862499999999997,2.935,0.3375410714285712,2.41,4.13
1799,17.21,2.15125,2.12,0.09086964285714283,1.74,2.59
1800,15.339999999999998,1.9174999999999998,1.915,0.026221428571428573,1.71,2.19
1801,20.02,2.5025,2.505,0.06393571428571432,2.12,2.92
1802,12.229999999999999,1.5287499999999998,1.545,0.1794410714285714,0.78,2.18
1803,15.27,1.90875,1.875,0.04072678571428569,1.67,2.26
1805,12.840000000000002,1.6050000000000002,1.67,0.07117142857142858,1.17,2.0
1806,22.52,2.815,2.915,0.10345714285714283,2.38,3.34
1807,11.76,1.47,1.495,0.06502857142857145,1.13,1.78
1808,32.65,4.08125,3.7800000000000002,1.1071839285714289,3.08,6.19
1809,28.939999999999998,3.6174999999999997,3.41,1.0717357142857142,2.5,5.8
1810,5.9799999999999995,0.7474999999999999,0.71,0.02167857142857143,0.5,0.97
1812,9.360000000000001,1.1700000000000002,1.265,0.09171428571428568,0.75,1.48
1815,0.0,0.0,0.0,0.0,0.0,0.0
1816,5.54,0.6925,0.485,0.21656428571428568,0.3,1.57
1817,0.0,0.0,0.0,0.0,0.0,0.0
1818,14.87,1.85875,1.9649999999999999,0.12309821428571431,1.15,2.16
1819,9.06,1.1325,1.12,0.05250714285714286,0.86,1.58
1820,17.16,2.145,2.02,0.6707428571428572,0.8,3.24
1821,6.159999999999999,0.7699999999999999,0.71,0.04322857142857143,0.49,1.09
1825,38.95,4.86875,3.04,15.594555357142857,0.87,10.43
1826,0.0,0.0,0.0,0.0,0.0,0.0
1827,0.0,0.0,0.0,0.0,0.0,0.0
1828,11.23,1.40375,1.385,0.07911249999999999,0.97,1.74
1829,20.39,2.54875,2.425,0.2646410714285713,1.85,3.48
1830,19.23,2.40375,2.4450000000000003,0.04662678571428574,2.05,2.75
1831,23.52,2.94,2.825,0.43045714285714304,2.2,4.2
1832,19.83,2.47875,2.445,0.07489821428571429,2.05,2.96
1833,7.069999999999999,0.8837499999999999,0.835,0.029912500000000005,0.7,1.26
1834,23.33,2.91625,2.83,0.11814107142857154,2.48,3.38
1835,18.18,2.2725,2.29,0.08630714285714289,1.74,2.68
1836,17.189999999999998,2.1487499999999997,2.035,0.3546410714285714,1.41,3.07
1838,8.43,1.05375,1.0550000000000002,0.008883928571428569,0.92,1.19
1839,19.85,2.48125,2.475,0.24309821428571424,1.83,3.19
1840,6.8,0.85,0.81,0.029399999999999992,0.66,1.13
1841,19.97,2.49625,2.43,0.10208392857142855,2.02,3.01
1842,0.0,0.0,0.0,0.0,0.0,0.0
1843,11.809999999999999,1.4762499999999998,1.51,0.02871249999999998,1.23,1.75
1844,7.43,0.92875,0.69,0.35358392857142856,0.29,1.93
1845,23.490000000000002,2.9362500000000002,3.08,0.3552839285714286,2.19,3.68
1846,11.06,1.3825,1.44,0.08582142857142859,0.77,1.65
1847,12.659999999999998,1.5824999999999998,1.58,0.09576428571428576,1.17,2.21
1848,3.55,0.44375,0.54,0.08099821428571428,0.0,0.71
1849,17.27,2.15875,2.3600000000000003,0.16858392857142857,1.53,2.5
1850,11.1,1.3875,1.26,0.17693571428571422,0.97,2.29
1852,23.1,2.8875,2.87,1.1420785714285715,1.37,5.08
1853,19.25,2.40625,2.42,0.10311250000000001,1.78,2.77
1854,11.17,1.39625,1.38,0.12108392857142858,0.87,1.86
1855,20.63,2.57875,2.4,0.5084125,1.78,3.99
1856,24.58,3.0725,3.215,0.20673571428571438,2.26,3.63
1857,15.5,1.9375,1.91,0.1381357142857143,1.33,2.54
1858,32.77,4.09625,4.12,0.318569642857143,3.19,4.99
1859,12.790000000000001,1.5987500000000001,1.585,0.019441071428571433,1.41,1.83
1860,23.75,2.96875,2.865,0.16058392857142847,2.46,3.82
1861,9.219999999999999,1.1524999999999999,1.18,0.09870714285714291,0.84,1.77
1862,15.85,1.98125,1.9049999999999998,0.09815535714285706,1.58,2.53
1863,9.02,1.1275,1.105,0.031564285714285704,0.87,1.38
1864,8.54,1.0675,1.0750000000000002,0.008249999999999997,0.92,1.19
1866,1.52,0.19,0.04,0.05928571428571429,0.0,0.53
1867,10.96,1.37,1.28,0.09702857142857144,0.97,1.96
1868,11.739999999999998,1.4674999999999998,1.4649999999999999,0.17973571428571428,0.82,2.02
1869,0.0,0.0,0.0,0.0,0.0,0.0
1873,14.58,1.8225,1.755,0.04519285714285717,1.54,2.16
1874,10.429999999999998,1.3037499999999997,1.31,0.10751249999999998,0.85,1.87
1875,13.37,1.67125,1.595,0.6237267857142857,0.66,2.78
1876,19.459999999999997,2.4324999999999997,2.435,0.05393571428571427,1.99,2.72
1877,8.32,1.04,1.045,0.011057142857142864,0.88,1.21
1878,14.420000000000002,1.8025000000000002,1.8050000000000002,0.0849642857142857,1.44,2.38
1879,14.349999999999998,1.7937499999999997,1.8050000000000002,0.08065535714285721,1.34,2.2
1880,17.86,2.2325,2.23,0.16959285714285724,1.48,2.91
1881,13.79,1.72375,1.74,0.10091249999999996,1.31,2.3
1883,15.07,1.88375,1.915,0.0338267857142857,1.59,2.11
1884,21.35,2.66875,2.73,0.09326964285714279,2.12,3.02
1885,8.450000000000001,1.0562500000000001,1.065,0.0041410714285714315,0.97,1.16
1886,4.05,0.50625,0.445,0.026169642857142857,0.35,0.8
1889,16.72,2.09,2.045,0.15805714285714284,1.29,2.55
1890,19.159999999999997,2.3949999999999996,2.365,0.0473714285714286,2.07,2.74
1891,14.45,1.80625,1.795,0.048683928571428545,1.56,2.23
1892,99.63,12.45375,7.99,108.04679821428569,2.85,31.56
1893,12.780000000000001,1.5975000000000001,1.575,0.12767857142857142,1.13,2.18
1894,21.79,2.72375,2.76,0.26511250000000003,1.85,3.5
1895,22.01,2.75125,2.42,1.0483267857142857,1.7,4.25
1896,19.62,2.4525,2.39,0.0783642857142857,2.16,3.01
1897,18.029999999999998,2.2537499999999997,2.26,0.0827982142857143,1.92,2.76
1898,30.8,3.85,4.175,0.5890285714285713,2.57,4.62
1899,20.6,2.575,2.605,0.1733142857142857,1.92,3.34
1900,14.11,1.76375,1.8050000000000002,0.13396964285714288,1.28,2.4
1901,7.86,0.9825,0.9099999999999999,0.0729071428571429,0.63,1.36
2022,29.99,3.74875,4.414999999999999,2.0038696428571425,1.53,5.37
2023,20.43,2.55375,2.505,0.22916964285714278,1.83,3.31
2024,12.5,1.5625,1.6,0.07850714285714286,1.23,1.94
